"Complete Payment","Selesaikan Pembayaran",""
"optional","Opsional",""
"Payment Method","Metode Pembayaran",""
"Refund Amount","Pengembalian Dana",""
"Enter amount...","Input Jumlah",""
"Total Amount","Jumlah Total",""
"Remaining","Sisa Pembayaran/Tagihan",""
"Change Due","Sisa/Kembalian",""
"On Account","Pembayaran Tertunda",""
"Paid in Full","Dibayar Penuh",""
"Fully Paid","Dibayar Penuh",""
"Paid Amount","Jumlah Yang Dibayar",""
"Paid: {0}","Dibayar: {0}",""
"Customer Credit Available","Saldo/kredit Pelanggan Yang Tersedia",""
"Outstanding Balance","Saldo Terutang / Utang Pelanggan",""
"Credit can be applied to invoice","Saldo/kredit tersebut dapat digunakan untuk membayar tagihan.",""
"Amount owed by customer","Jumlah yang harus dibayar oleh pelanggan",""
"No outstanding balance","Tidak ada hutang",""
"Save","Simpan",""
"Cancel","Batal",""
"Submit","Kirim",""
"Delete","Hapus",""
"Edit","Sunting",""
"Search","Pencarian",""
"Close","Tutup",""
"Confirm","Konfirmasi",""
"Yes","Ya",""
"No","Tidak",""
"Loading...","Memuat...",""
"Error","Terjadi Kesalahan",""
"Success","Sukses",""
"Warning","Peringatan",""
"Information","Informasi",""
"Add Item","Tambah Item",""
"Select Customer","Pilih Pelanggan",""
"Create Customer","Buat Pelanggan Baru",""
"Discount","Diskon",""
"Tax","pajak",""
"Total","Total",""
"Checkout","Bayar & Selesaikan Pesanan",""
"Clear Cart","Reset Keranjang",""
"Hold Invoice","Simpan/Tangguhkan Faktur",""
"Print Receipt","Cetak Struk",""
"No stock available","Stok tidak tersedia",""
"Item added to cart","Ditambahkan ke keranjang",""
"Item removed from cart","Dihapus dari keranjang",""
"Open Shift","Buka Shift",""
"Close Shift","Tutup Shift",""
"Shift Opening","Pembukaan Shift",""
"Shift Closing","Penutupan Shift",""
"Opening Amount","Jumlah Pembukaan Shift",""
"Closing Amount","Jumlah Penutupan Shift",""
"Cash in Hand","Uang Tunai",""
"Expected Amount","Jumlah yang Diharapkan",""
"Difference","Defisit/Surplus",""
"Draft Invoices","Draf Penagihan",""
"Invoice History","Riwayat Penagihan",""
"Offline Invoices","Faktur yang Belum Dibayar",""
"Return Invoice","Faktur Pengembalian",""
"Invoice Number","Nomor Faktur",""
"Date","tanggal",""
"Customer","Pelanggan",""
"Amount","Jumlah",""
"Paid","Dibayar",""
"Unpaid","Belum Dibayar",""
"Partially Paid","Dibayar Sebagianً",""
"Credit Note Issued","Nota Kredit",""
"Cancelled","Dibatalkan",""
"Draft","Draf",""
"Settings","Pengaturan",""
"General","Umum",""
"Appearance","Tampilan",""
"Language","Bahasa",""
"Select Language","Pilih Bahasa",""
"Theme","Tema",""
"Notifications","Notifikasi",""
"Receipt Settings","Pengaturan Tanda terima/Kuitansi",""
"Hardware","Perangkat",""
"POS Profile","POS Profil",""
"Network connection error","Tidak ada koneksi jaringan.",""
"Session expired, please login again","Sesi telah berakhir. Silakan masuk kembali.",""
"Insufficient stock for {0}","stok item tidak mencukupi {0}",""
"Invalid quantity","Jumlah (kuantitas) tidak valid",""
"Please select a customer","Pilih pelanggan terlebih dahulu.ً",""
"Payment processing failed","Pembayaran gagal",""
"An unexpected error occurred","Terjadi kesalahan yang tidak terduga.",""
"This field is required","Kolom ini wajib diisi.",""
"Minimum length is {0} characters","Panjang minimum adalah {0} karakter",""
"Maximum length is {0} characters","Panjang maksimum adalah {0} karakter",""
"Please enter a valid email address","Alamat email tidak valid",""
"Please enter a valid phone number","Nomor telepon tidak valid",""
"Please enter a valid number","Silakan masukkan nomor yang valid.",""
"Value must be positive","Nilai harus positif.",""
"Customer Credit","Saldo/Kredit Pelanggan",""
"Available Credit","Saldo/Kredit yang Tersedia",""
"Payment Methods","Metode Pembayaran",""
"Cash","Uang Tunai",""
"Card","Kartu Bank",""
"Wallet","Dompet Elektronik",""
"Bank Transfer","Transfer Bank",""
"Item","Item",""
"Items","Item",""
"1 item","1 Item",""
"{0} items","{0} items",""
"Invoice Summary","Ringkasan Faktur",""
"Quantity","Kuantitas",""
"Price","Harga",""
"Subtotal","Subtotal",""
"Custom Amount","Jumlah yang dialokasikan",""
"Enter amount","Input Jumlah",""
"Apply","Terapkan Kupon",""
"Apply Coupon","Terapkan Kupon",""
"Coupon Code","Kode Kupon",""
"Remove","Hapus",""
"Add","Tambah",""
"Update","Perbaharui",""
"Refresh","Segarkan",""
"Reload","Muat ulang",""
"Print","Cetak",""
"Download","Unduh",""
"Upload","Unggah",""
"Import","Impor",""
"Export","Ekspor",""
"Filter","Saring",""
"Sort","Sortir",""
"Ascending","Naik",""
"Descending","Turun",""
"All","Semua",""
"None","Tidak Ada",""
"Select All","Pilih Semua",""
"Deselect All","Batalkan Semua Pilihan",""
"Name","Nama",""
"Email","Email",""
"Phone","Telepon",""
"Address","Alamat",""
"City","Kota",""
"State","Provinsi",""
"Country","Nagara",""
"Postal Code","Kode Pos",""
"Notes","Catatan",""
"Description","Keterangan",""
"Category","kategori",""
"Type","Jenis",""
"Unit","Unit",""
"Stock","Stok Persediaan",""
"Available","Tersedia",""
"Out of Stock","Stok Habis",""
"Low Stock","Stok Menipis",""
"In Stock","Stok Tersedia",""
"Barcode","Barocde",""
"SKU","Kode Barang (SKU)",""
"Image","Gambar",""
"Gallery","Galeri",""
"Product","Produk",""
"Products","Produk",""
"Service","Layanan",""
"Services","Layanan",""
"Order","Pesanan",""
"Orders","Pesanan",""
"Invoice","Faktur",""
"Invoices","Faktur",""
"Payment","Pembayaran",""
"Payments","Pembayaran",""
"Receipt","Kuitansi",""
"Receipts","Kuitansi",""
"Refund","Pengembalian Dana",""
"Refunds","Pengembalian Dana",""
"Return","Pengembalian",""
"Returns","Pengembalian",""
"Sale","Penjualan",""
"Sales","Penjualan",""
"Purchase","Pembelian",""
"Purchases","Pembelian",""
"Report","Laporan",""
"Reports","Laporan",""
"Dashboard","Dasbor",""
"Home","Home",""
"Profile","Profil",""
"Account","Akun",""
"Logout","Keluar",""
"Login","Masuk",""
"Sign In","Masuk",""
"Sign Up","Daftar",""
"Register","Pendaftaran",""
"Password","Kata Sandi",""
"Username","Nama Pengguna",""
"Remember Me","Ingatkan Saya",""
"Forgot Password?","Lupa Kata Sandi?",""
"Reset Password","Atur Ulang Kata Sandi",""
"Change Password","Ganti Kata Sandi",""
"Old Password","kata Sandi Lama",""
"New Password","Kata Sandi Baru",""
"Confirm Password","Konfirmasi Kata Sandi",""
"Today","Hari Ini",""
"Yesterday","Kemarin",""
"This Week","Pekan Ini",""
"Last Week","Pekan Lalu",""
"This Month","Bulan Ini",""
"Last Month","Bulan Lalu",""
"This Year","Tahun Ini",""
"Last Year","Tahun Lalu",""
"Custom Range","Kustom Periode",""
"From","Dari",""
"To","Ke",""
"Start Date","Tanggal Mulai",""
"End Date","tanggal Berakhir",""
"Time","Waktu",""
"Hour","Jam",""
"Hours","Jam",""
"Minute","Menit",""
"Minutes","Menit",""
"Second","Detik",""
"Seconds","Detikٍ",""
"Day","Hari",""
"Days","Hari",""
"Week","Minggu",""
"Weeks","Pekan",""
"Month","Bulan",""
"Months","Bulan",""
"Year","Tahun",""
"Years","Tahun",""
"Are you sure?","Anda Yakin?",""
"This action cannot be undone","Tindakan ini tidak bisa dibatalkan",""
"Confirm Delete","Konfirmasi Penghapusan",""
"Confirm Action","Konfimasi Tindakan",""
"Processing...","Proses sedang berlangsung...",""
"Please wait...","Mohon tunggu...",""
"Saving...","Menyimpan...",""
"Loading data...","Memuat data...",""
"No data available","Tidak ada data yang tersedia",""
"No results found","Tidak ada hasil yang ditemukan",""
"Search results","Hasil pencarian",""
"Showing {0} to {1} of {2} entries","Menampilkan {0} sampai {1} dari {2} entri",""
"Page","Halaman",""
"Previous","Sebelumnya",""
"Next","Lanjut",""
"First","Pertama",""
"Last","Terakhir",""
"per page","per halaman",""
"View","Lihat",""
"View Shift","Lihat Shift",""
"View Details","Lihat Detail",""
"Edit Details","Sunting Detail",""
"Copy","Salin",""
"Duplicate","Gandakan",""
"Archive","Arsip",""
"Restore","Pulihkan",""
"Move","Pindah",""
"Rename","Ganti Nama",""
"Share","Bagikan",""
"Download PDF","Unduh PDF",""
"Send Email","Kirim Email",""
"Print Invoice","Cetak Faktur",""
"Email Invoice","Kirim(Email) Faktur",""
"Mark as Paid","Tandai sebagai Dibayar",""
"Mark as Unpaid","Tandai sebagai Belum Bayar",""
"Payment Received","Pembayaran Diterima",""
"Payment Pending","Pembayaran Tertunda",""
"Payment Failed","Pembayaran Gagal",""
"Completed","Menyelesaikan",""
"Pending","Tertunda",""
"Processing","Memproses",""
"Cancelled","Dibatalkan",""
"Refunded","Dikembalikan",""
"Submitted","Mengirim",""
"Approved","Disetujui",""
"Rejected","Rejected",""
"Active","Aktif",""
"Inactive","Tidak Aktif",""
"Enabled","Diaktifkan",""
"Disabled","Tidak Diaktifkan",""
"Online","Online",""
"Offline","Offline",""
"Connected","Terhubung",""
"Disconnected","Terputus",""
"Synced","Tersinkronisasi",""
"Not Synced","Tidak Tersinkronisasi",""
"Syncing...","Sinkronisasi sedang berlangsung...",""
"Last Sync","Sinkronisasi Terakhir",""
"Sync Now","Sinkronkan Sekarang",""
"Auto Sync","Sinkronisasi Otomatis",""
"Manual Sync","sinkronisasi manual",""
"Clear Cache","Hapus Cache",""
"Reset Settings","Atur Ulang Pengaturan",""
"Restore Defaults","Pulihkan Pengaturan Bawaan",""
"About","Tentang",""
"Help","Bantuan",""
"Support","Dukungan Teknis",""
"Documentation","Paduan Pengguna",""
"Version","Versi",""
"License","Lisensi",""
"Privacy Policy","Kebijakan Privasi",""
"Terms of Service","Ketentuan Layanan",""
"Contact Us","Hubungi Kami",""
"Feedback","Masukan",""
"Rate Us","Beri Peringkat Aplikasi Ini",""
"More","Lagi",""
"Less","Lebih sedikit",""
"Show More","Tampilkan Lebih Banyak",""
"Show Less","Tampilkan Lebih Sedikit",""
"Expand","Memperluas",""
"Collapse","Memperkecil",""
"Full Screen","Layar Penuh",""
"Exit Full Screen","Keluar dari Layar Penuh",""
"Shift Open:","Shift Dibuka:",""
"Offline ({0} pending)","Offline ({0} tertunda)",""
"Online - Click to sync","Online - Klik untuk menyinkronkan",""
"Offline mode active","Anda sedang dalam mode 'Offline'",""
"Online mode active","Anda sedang dalam mode 'Online'",""
"Cache","Cache",""
"Items:","Semua Item:",""
"Last Sync:","Sinkronisasi Terakhir:",""
"Auto-Sync:","Sinkronisasi Otomatis:",""
"Refreshing...","Memuat ulang...",""
"Refresh Items","Muat Ulang Item",""
"Refreshing items...","Sedang memuat ulang item...",""
"Refresh items list","Muat ulang daftar item",""
"Empty","Kosong",""
"Syncing","Sinkronisasi",""
"Ready","Siap",""
"Never","Tidak Pernah",""
"Cache empty","Cache Kosong",""
"Cache syncing","Sinkronisasi Cache",""
"Cache ready","Cache Siap",""
"Access your point of sale system","Akses ke sistem penjualan Anda",""
"Your cart is empty","Keranjang Masih Kosong",""
"Cart Items","Item Keranjang",""
"Clear","Hapus",""
"Last 7 Days","7 hari terakhir",""
"Last 30 Days","30 hari terakhir",""
"All Status","Semua Status",""
"Partly Paid","Bayar Sebagianً",""
"Overdue","Jatuh Tempo",""
"Negative Stock","Stok Negatif",""
"Cart","Keranjang",""
"Welcome to POS Next","Selamat Datang di POS Next",""
"Please open a shift to start making sales","Silakan buka shift baru untuk mulai berjualan.",""
"Clear Cart?","Kosongkan Keranjang?",""
"Remove all {0} items from cart?","Apakah Anda ingin menghapus semua item ({0}) dari keranjang?",""
"Clear All","Hapus Semua",""
"Sign Out Confirmation","Konfirmasi Keluar",""
"Your Shift is Still Open!","Shift Anda Masih Tersedia!",""
"Close your shift first to save all transactions properly","Tutup shift Anda terlebih dahulu untuk menyimpan semua transaksi dengan benar.",""
"Close Shift & Sign Out","Tutup Shift & Keluar",""
"Skip & Sign Out","Lewati & Keluar",""
"Sign Out?","Ingin Keluar?",""
"You will be logged out of POS Next","Anda akan keluar dari POS Next.",""
"Sign Out","Keluar",""
"Signing Out...","Keluar...",""
"Invoice Created Successfully","Faktur Berhasil Dibuat",""
"Invoice {0} created successfully!","Faktur {0} berhasil dibuat!",""
"Total: {0}","Total: {0}",""
"An unexpected error occurred.","Terjadi kesalahan yang tidak terduga.",""
"Delete Invoice","Hapus Faktur",""
"Try Again","Ulangi Lagi",""
"Tax mode updated. Cart recalculated with new tax settings.","Mode pajak telah diperbarui. Keranjang belanja telah dihitung ulang.",""
"Discount settings changed. Cart recalculated.","Pengaturan diskon telah diperbarui. Keranjang belanja telah dihitung ulang.",""
"Prices are now tax-exclusive. This will apply to new items added to cart.","Harga yang tertera belum termasuk pajak (untuk barang baru).",""
"Negative stock sales are now allowed","Penjualan dengan stok negatif diperbolehkan",""
"Negative stock sales are now restricted","Penjualan dengan stok negatif tidak diperbolehkan.",""
"Credit Sale","Penjualan Kredit",""
"Write Off Change","Penghapusan Pecahan/Cacat",""
"Partial Payment","Pembayaran Terpisah/Sebagian",""
"Silent Print","Print Langsung",""
"{0} settings applied immediately","{0} pengaturan diterapkan",""
"You can now start making sales","Anda dapat berjualan sekarang",""
"Shift closed successfully","Shift berhasil ditutup",""
"Insufficient Stock","Stok tidak mencukupi",""
"Item: {0}","Item: {0}",""
"\"{0}\" cannot be added to cart. Bundle is out of stock. Allow Negative Stock is disabled.","\"{0}\" tidak dapat ditambahkan ke keranjang. Stok paket item habis. Stok Negatif tidak aktif.",""
"\"{0}\" cannot be added to cart. Item is out of stock. Allow Negative Stock is disabled.","\"{0}\" tidak dapat ditambahkan ke keranjang. Stok item habis. Stok Negatif tidak aktif.",""
"Please add items to cart before proceeding to payment","Mohon tambahkan item ke keranjang belanja Anda sebelum melakukan pembayaran",""
"Please select a customer before proceeding","Silakan pilih pelanggan terlebih dahulu.",""
"Invoice saved offline. Will sync when online","Faktur telah disimpan secara lokal (offline). Faktur tersebut akan disinkronkan nanti",""
"Unknown","Tidak diketahui",""
"Invoice {0} created and sent to printer","Faktur {0} telah diterbitkan dan dikirim untuk dicetak",""
"Invoice {0} created but print failed","Faktur {0} telah diterbitkan tetapi proses cetak gagal",""
"Invoice {0} created successfully","Faktur {0} berhasil diterbitkan",""
"All items removed from cart","Keranjang dikosongkan",""
"{0} added to cart","{0} telah ditambahkan ke keranjang",""
"{0} ({1}) added to cart","{0} ({1}) telah ditambahkan ke keranjang",""
"Failed to process selection. Please try again.","Proses memilih gagal. Silakan coba lagi",""
"Return invoice {0} created successfully","Faktur pengembalian {0} berhasil dibuat",""
"Creating return for invoice {0}","Faktur pengembalian sedang diproses {0}",""
"{0} created and selected","{0} dibuat dan dipilih",""
"All cached data has been cleared successfully","Semua data cache berhasil dihapus",""
"Failed to clear cache. Please try again.","Cache gagal dihapus. Silakan coba lagi.",""
"Your point of sale system is ready to use.","Kasir Anda sudah siap digunakan.",""
"Shift Status","Status Shift",""
"Shift is Open","Shift Sedang Terbuka",""
"Start Sale","Mulai Berjualan",""
"No Active Shift","Tidak Ada Shift Aktif",""
"You need to open a shift before you can start making sales.","Shift harus dibuka sebelum aktifitas penjualan dimulai.",""
"System Test","Pengujian Sistem",""
"Test Connection","Uji Koneksi",""
"✓ Connection successful: {0}","✓ Koneksi berhasil: {0}",""
"✗ Connection failed: {0}","✗ Koneksi gagal: {0}",""
"Confirm Sign Out","Konfirmasi Untuk Keluar",""
"Active Shift Detected","Shift Aktif Terdeteksi",""
"You have an active shift open. Would you like to:","Saat ini Anda sedang aktif. Apakah Anda ingin?",""
"Are you sure you want to sign out of POS Next?","Apakah Anda yakin ingin keluar dari POS Next?",""
"Sign Out Only","Hanya Keluar",""
"TAX INVOICE","FAKTUR PAJAK",""
"Invoice #:","Faktur #:",""
"Date:","Tanggal:",""
"Customer:","Pelanggan:",""
"PARTIAL PAYMENT","PEMBAYARAN TERPISAH/SEBAGIAN",""
"(FREE)","(GRATIS)",""
"Subtotal:","",""
"Tax:","Pajak:",""
"TOTAL:",TOTAL":",""
"Total Paid:","Total yang Dibayar:",""
"Change:","Sisanya:",""
"BALANCE DUE:","Jumlah yang harus Dibayar:",""
"Thank you for your business!","Terima kasih atas bisnis Anda!",""
"Offline invoice deleted successfully","Faktur (yang belum diproses) berhasil dihapus",""
"Failed to delete offline invoice","Penghapusan faktur gagal",""
"Cannot sync while offline","Tidak dapat melakukan sinkronisasi saat offline",""
"{0} invoice(s) synced successfully","{0} faktur isinkronkan",""
"Loading customers for offline use...","Sedang memuat data pelanggan untuk penggunaan offline...",""
"Data is ready for offline use","Data siap untuk digunakan secara offline.",""
"Some data may not be available offline","Beberapa data mungkin tidak tersedia secara offline.",""
"POS is offline without cached data. Please connect to sync.","Sistem sedang offline dan tidak ada data yang tersimpan. Silakan sambungkan ke internet.",""
"{0} applied successfully","{0} telah diterapkan",""
"Discount has been removed from cart","Diskon telah dihapus dari keranjang belanja.",""
"Add items to the cart before applying an offer.","Tambahkan item ke keranjang sebelum menerapkan penawaran.",""
"Your cart doesn't meet the requirements for this offer.","Keranjang belanja Anda tidak memenuhi persyaratan untuk penawaran ini.",""
"Failed to apply offer. Please try again.","Penawaran gagal diterapkan. Silakan coba lagi.",""
"Offer has been removed from cart","Penawaran telah dihapus dari keranjang belanja",""
"Failed to update cart after removing offer.","Gagal memperbarui keranjang belanja setelah menghapus penawaran.",""
"Unit changed to {0}","Unit diubah menjadi {0}",""
"Failed to update UOM. Please try again.","Gagal memperbarui UOM. Silakan coba lagi.",""
"{0} updated successfully","{0} berhasil diperbarui",""
"Failed to update item. Please try again.","Gagal memperbarui item. Silakan coba lagi.",""
"{0}h {1}m {2}s","{0}j {1}m {2}s",""
"Sync Complete","Sinkronisasi selesai",""
"Search by phone: {0}","Cari berdasarkan telepon: {0}",""
"Search by email: {0}","Cari berdasarkan email: {0}",""
"Create new customer: {0}","Buat pelanggan baru: {0}",""
"From {0}","Dari {0}",""
"Until {0}","Sampai {0}",""
"Validation Error","Kesalahan Validasi",""
"Permission Denied","Izin Ditolak",""
"Not Found","Tidak Ditemukan",""
"Server Error","Kesalahan Server",""
"Not enough stock available in the warehouse.\n\nPlease reduce the quantity or check stock availability.","Stok di gudang tidak mencukupi.\n\nMohon kurangi jumlahnya atau periksa ketersediaan stok.",""
"Pricing Error","Kesalahan Harga",""
"Customer Error","Kesalahan Pelanggan",""
"Tax Configuration Error","Kesalahan Konfigurasi Pajak",""
"Payment Error","Kesalahan Pembayaran",""
"Naming Series Error","Kesalahan Penamaan Seri",""
"Connection Error","Kesalahan Koneksi",""
"Unable to connect to server. Check your internet connection.","Tidak dapat terhubung ke server. Periksa koneksi internet Anda.",""
"Duplicate Entry","Entri Duplikat",""
"Error Report - POS Next","Laporan Kesalahan - POS Next",""
"Title: {0}","Judul: {0}",""
"Type: {0}","Jenis: {0}",""
"Message: {0}","Pesan: {0}",""
"Technical: {0}","Teknis: {0}",""
"Timestamp: {0}","",""
"User: {0}","User: {0}",""
"POS Profile: {0}","POS Profil: {0}",""
"Partial Payments","Pembayaran Terpisah/Sebagian",""
"Manage invoices with pending payments","Kelola faktur dengan pembayaran yang tertunda",""
"{0} invoice - {1} outstanding","{0} faktur - {1} belum dibayar",""
"{0} invoices - {1} outstanding","{0} faktur - {1} belum dibayar",""
"Loading invoices...","Memuat faktur...",""
"No Partial Payments","Tidak ada pembayaran Terpisah/sebagian.",""
"All invoices are either fully paid or unpaid","Semua faktur dalam kondisi lunas atau belum lunas",""
"Add Payment","Tambahkan Pembayaran",""
"Payment History","Riwayat Pembayaran",""
"Failed to load partial payments","Pembayaran terpisah/sebagian gagal dimuat",""
"Payment added successfully","Pembayaran berhasil ditambahkan.",""
"Failed to add payment","Gagal menambahkan pembayaran",""
"Open POS Shift","POS Shift",""
"Select POS Profile","Pilih POS Profil",""
"No POS Profiles available. Please contact your administrator.","Tidak ada POS Profil yang tersedia. Mohon kontak pihak Administrasi.",""
"Change Profile","Ganti Profil",""
"Opening Balance (Optional)","Saldo awal (opsional)",""
"No payment methods configured for this POS Profile","Belum ada metode pembayaran yang dikonfigurasi untuk file point-of-sale ini",""
"Existing Shift Found","Shift yang Terbuka",""
"You have an open shift. Would you like to resume it or close it and open a new one?","Anda memiliki shift yang terbuka. Apakah Anda ingin melanjutkannya atau menutupnya dan membuat shift baru?",""
"<strong>POS Profile:</strong> {0}","<strong>POS Profil:</strong> {0}",""
"<strong>Opened:</strong> {0}","<strong>Dibuka:</strong> {0}",""
"Resume Shift","Lanjutkan Shift",""
"Close & Open New","Tutup & Buat Baru",""
"Back","Kembali",""
"At least {0} items required","Setidaknya {0} item diperlukan",""
"Maximum {0} items allowed for this offer","Jumlah maksimum {0} item yang diizinkan untuk ditampilkan",""
"Minimum cart value of {0} required","Keranjang minimum {0} diperlukan",""
"Maximum cart value exceeded ({0})","Nilai maksimum keranjang telah terlampaui ({0})",""
"Cart does not contain eligible items for this offer","Keranjang belanja tidak berisi item apa pun yang memenuhi syarat untuk penawaran ini",""
"Cart does not contain items from eligible groups","Keranjang belanja tidak berisi item dari kelompok yang memenuhi syarat",""
"Cannot save an empty cart as draft","Keranjang kosong tidak dapat disimpan sebagai draf",""
"Invoice saved as draft successfully","Faktur berhasil disimpan sebagai draf",""
"Failed to save draft","Gagal menyimpan draf",""
"Draft invoice loaded successfully","Draf faktur berhasil dimuat",""
"Failed to load draft","Gagal memuat draf",""
"Close POS Shift","Menutup POS Shift",""
"Loading shift data...","Memuat data shift...",""
"Calculating totals and reconciliation...","Menghitung total dan rekonsiliasi...",""
"Duration","Durasi Waktu",""
"Total Sales","Total Penjualan",""
"{0} invoices","{0} faktur",""
"Net Amount","Jumlah Bersih",""
"Before tax","Sebelum Pajak",""
"Items Sold","Item yang Terjual",""
"Total items","Total Item",""
"Tax Collected","Pajak yang Dipungut",""
"Total tax","Total Pajak",""
"No Sales During This Shift","Tidak ada penjualan pada shift ini",""
"No invoices were created. Closing amounts should match opening amounts.","Tidak ada faktur yang dibuat. Jumlah penutupan harus sesuai dengan jumlah pembukaan.",""
"Invoice Details","Detail Faktur",""
"{0} transactions • {1}","{0} transaksi • {1}",""
"N/A","N/A",""
"Total:","Total:",""
"Payment Reconciliation","Rekonsiliasi Pembayaran",""
"Count your cash and enter actual amounts below","Hitung uang tunai dan masukkan jumlah sebenarnya/aktual di bawah ini.",""
"✓ Shift Closed","✓ Shift telah ditutup",""
"Total Variance","Total Selisih",""
"Enter actual amount for {0}","Masukkan jumlah sebenarnya dari {0}",""
"Expected: <span class=\"font-medium\">{0}</span>","Ekspetasi: <span class="font-medium">{0}</span>",""
"✓ Balanced","✓ Sesuai/Seimbang",""
"Over {0}","Kelebihan {0}",""
"Short {0}","Kekurangan {0}",""
"Opening","Pembukaan",""
"Shift start","Saat Dimulai",""
"Expected","Ekspetasi",""
"No sales","Tidak ada penjualan",""
"Actual Amount *","Jumlah Aktual *",""
"Final Amount","Jumlah akhir",""
"Count & enter","Hitung dan Enter",""
"Cash Over","Kelebihan Uang Tunai",""
"Cash Short","Kekurangan Uang Tunai",""
"You have more than expected.","Anda mendapatkan lebih dari ekspetasi.",""
"You have less than expected.","Anda mendapatkan hasil yang lebih sedikit dari ekspetasi.",""
"Total Expected","Total Ekspetasi",""
"Total Actual","Total Aktual",""
"Net Variance","Selisih Bersih",""
"Tax Summary","Ringkasan Pajak",""
"Total Tax Collected","Jumlah pajak yang dipungut",""
"Error Closing Shift","Terjadi kesalahan saat menutup shift",""
"Dismiss","Tutup",""
"Failed to Load Shift Data","Gagal memuat data shift",""
"Please enter all closing amounts","Harap masukkan semua jumlah penutupan shift",""
"✓ Shift closed successfully","✓ Shift berhasil ditutup",""
"Closing Shift...","Tutup Shift...",""
"{0}h {1}m","{0}jam {1}menit",""
"{0}m","{0}menit",""
"-- Select --","-- Pilih --",""
"Select Customer","Pilih Pelanggan",""
"Search and select a customer for the transaction","Cari dan pilih pelanggan untuk transaksi tersebut",""
"Search customers by name, mobile, or email...","Cari pelanggan berdasarkan nama, nomor ponsel, atau email...",""
"Search customers","Search customers",""
"⭐ Recent & Frequent","⭐ Paling baru dan paling sering digunakanً",""
"{0} of {1} customers","{0} dari {1} pelanggan",""
"• Use ↑↓ to navigate, Enter to select","• Gunakan ↑↓ untuk navigasi, Enter untuk memilih",""
"Loading customers...","Sedang memuat pelanggan...",""
"No customers available","Tidak ada pelanggan yang tersedia",""
"Create your first customer to get started","Buat pelanggan pertama Anda untuk memulai",""
"No results for \"{0}\"","Tidak ada hasil yang ditemukan untuk "{0}"",""
"Try a different search term or create a new customer","Coba istilah pencarian lain atau buat pelanggan baru",""
"+ Create New Customer","+ Buat Pelanggan Baru",""
"All Items","Semua Item",""
"Consumable","Item Habis Pakai",""
"Raw Material","Bahan Mentah",""
"Sub Assemblies","Bahan Rakitan",""
"Syncing catalog in background... {0} items cached","Syncing catalog in background... {0} items cached",""
"Search items","Cari Item",""
"Barcode Scanner: ON (Click to disable)","Barcode Scanner: ON (Click to disable)",""
"Barcode Scanner: OFF (Click to enable)","Barcode Scanner: OFF (Click to enable)",""
"Disable barcode scanner","Disable barcode scanner",""
"Enable barcode scanner","Enable barcode scanner",""
"Auto-Add: ON - Press Enter to add items to cart","Auto-Add: ON - Press Enter to add items to cart",""
"Auto-Add: OFF - Click to enable automatic cart addition on Enter","Auto-Add: OFF - Click to enable automatic cart addition on Enter",""
"Disable auto-add","Disable auto-add",""
"Enable auto-add","Enable auto-add",""
"Auto","Otomatis",""
"Grid View","Tampilan Kotak",""
"Switch to grid view","Beralih ke tampilan kotak",""
"List View","Tampilan Daftar",""
"Switch to list view","Beralih ke tampilan list",""
"Sorted by {0} A-Z","Urutan Berdasarkan {0} A-Z",""
"Sorted by {0} Z-A","Urutan Berdasarkan {0} Z-A",""
"Sort items","Urutkan Item",""
"Sort Items","Urutkan Item",""
"No Sorting","Jangan Urutkan",""
"Loading items...","Memuat Item...",""
"No results for {0} in {1}","Tidak ada hasil untuk {0} di {1}",""
"No results in {0}","Tidak ada hasil di {0}",""
"No results for {0}","Tidak ada hasil untuk {0}",""
"No items available","Tidak ada item yang tersedia",""
"{0}: {1} {2}","",""
"Nos","",""
"Check availability in other warehouses","Periksa ketersediaan di gudang lain",""
"Check Availability in All Wherehouses","Periksa ketersediaan di semua gudang",
"Selected","Terpilih",
"Check warehouse availability","Periksa ketersediaan gudang",""
"Loading more items...","Sedang memuat Lebih banyak...",""
"All items loaded","Semua item telah dimuat",""
"{0} items found","{0} Item ditemukan",""
"{0} - {1} of {2}","{0} - {1} dari {2}",""
"Go to first page","Kembali ke halaman pertama",""
"Go to previous page","Kembali ke halaman sebelumnya",""
"Go to page {0}","Buka halaman {0}",""
"Go to next page","Lanjut ke halaman berikutnya",""
"Go to last page","Kembali ke halaman sebelumnya",""
"Code","Kode Item",""
"Rate","Harga",""
"Qty","Kuantitas",""
"UOM","UOM",""
"{0}: {1} Bundles","{0}: {1} Paket Item",""
"Auto-Add ON - Type or scan barcode","Tambah Otomatis Item AKTIF - Ketik atau pindai barcode",""
"Scanner ON - Enable Auto for automatic addition","Pemindai AKTIF - Aktifkan tambah otomatis item untuk penambahan otomatis",""
"Search by item code, name or scan barcode","Cari berdasarkan kode item, nama, atau pemindaian barcode",""
"Item Not Found: No item found with barcode: {0}","Item Tidak Ditemukan: Tidak ada item yang ditemukan dengan barcode: {0}",""
"Multiple Items Found: {0} items match barcode. Please refine search.","Beberapa Item Ditemukan: {0} item cocok dengan barcode. Harap perbaiki pencarian.",""
"Multiple Items Found: {0} items match. Please select one.","Beberapa Item Ditemukan: {0} item cocok. Silakan pilih salah satu.",""
"Loading invoice details...","Memuat detail faktur...",""
"Return Against:","Pengembalian Terhadap:",""
"Grand Total","Jumlah Total",""
"Taxes:","Total Pajak:",""
"Net Total:","Total Netto:",""
"Discount:","Diskon:",""
"Grand Total:","Jumlah Total:",""
"Paid Amount:","Jumlah yang Dibayar:",""
"Outstanding:","Jatuh Tempo:",""
"Summary","Ringkasan",""
"Remarks","Catatan",""
"Failed to load invoice details","Gagal memuat detail faktur",""
"Warehouse Availability","Ketersediaan Gudang",""
"Close dialog","Tutup Dialog",""
"Checking warehouse availability...","Sedang memeriksa ketersediaan gudang...",""
"Actual Stock:","Stok Aktual/Fisik:",""
"This item is out of stock in all warehouses","Item ini tidak tersedia di semua gudang",""
"Total Available:","Total Tersedia:",""
"across 1 warehouse","Melalui satu gudang",""
"across {0} warehouses","melalui gudang {0}",""
"Have a coupon code?","Apakah Anda memiliki kode kupon?",""
"Enter your promotional or gift card code below","Input kode promosi atau kartu hadiah (gidt card) Anda di bawah ini",""
"ENTER-CODE-HERE","INPUT-KODE-DISINI",""
"Code is case-insensitive","Kode sensitif terhadap huruf besar/kecil",""
"My Gift Cards ({0})","Kartu Hadiah Saya ({0})",""
"Coupon Applied Successfully!","Kupon Berhasil Digunakan!",""
"Discount Amount","Nilai Diskon",""
"Please enter a coupon code","Mohon masukan kode kupon",""
"The coupon code you entered is not valid","Kode kupon yang Anda masukkan tidak valid.",""
"This coupon requires a minimum purchase of ","Kupon ini memerlukan pembelian minimum sebesar ",""
"Failed to apply coupon. Please try again.","Pengajuan kupon gagal. Silakan coba lagi.",""
"Discount has been removed","Diskon telah dihapus",""
"Search countries...","Cari negara...",""
"No countries found","Tidak ada negara yang ditemukan",""
"Create New Customer","Buat Pelanggan Baru",""
"Customer Name","Nama Pelanggan",""
"Enter customer name","Input nama pelanggan",""
"Mobile Number","Nomor Telephon",""
"Search country or code...","Cari negara atau kode negara",""
"Enter phone number","Input nomor telepon",""
"Enter email address","Input alamat email",""
"Customer Group","Grup Pelanggan",""
"Select Customer Group","Pilih Grup Pelanggan",""
"Territory","Wilayah",""
"Select Territory","Pilih Wilayah",""
"Permission Required","Izin Diperlukan",""
"You don't have permission to create customers. Contact your administrator.","Anda tidak memiliki izin untuk membuat pelanggan baru. Hubungi administrator.",""
"Individual","Individu",""
"All Territories","Semua Wilayah",""
"Customer {0} created successfully","Pelanggan {0} berhasil dibuat",""
"Failed to create customer","Gagal membuat pelanggan baru",""
"Customer Name is required","Nama pelanggan wajib diisi",""
"Promotion & Coupon Management","Manajemen Penawaran dan Kupon",""
"Manage promotional schemes and coupons","Mengelola penawaran promosi dan skema kupon",""
"Promotional Schemes","Rencana promosi Promosi Penawaran",""
"Coupons","Kupon",""
"Search promotions...","cari promosi penawaran...",""
"Active Only","Hanya yang Aktif",""
"Expired Only","Hanya yang Sudah Kadaluarsa",""
"Not Started","Belum Mulai",""
"Disabled Only","Hanya yang Tidak Aktif",""
"Create New Promotion","Buat Penawaran Baru",""
"Create permission required","Izin pembuatan diperlukan",""
"No promotions found","Promosi penawaran tidak ditemukan",""
"Rule","Aturan Dasar",""
"Scheme","Skema",""
"{0} items","{0} item",""
"No expiry","Tidak ada tanggal kedaluwarsa",""
"Select a Promotion","Pilih Penawaran",""
"Choose a promotion from the list to view and edit, or create a new one to get started","Pilih penawaran dari daftar untuk melihat dan mengedit, atau buat yang baru untuk memulai.",""
"You don't have permission to create promotions","Anda tidak memiliki izin untuk membuat penawaran",""
"Create New Promotion","Buat penawaran baru",""
"Edit Promotion","Sunting Penawaran",""
"Pricing Rule","Penetapan Harga",""
"Promotional Scheme","Rencana Skema Promosi Penawaran",""
"Fill in the details to create a new promotional scheme","Isi detail ini untuk membuat rencana promosi penawaran baru.",""
"View pricing rule details (read-only)","Lihat detail kebijakan harga (hanya baca)",""
"Update the promotion details below","Sunting detail penawaran dibawah ini",""
"Read-only: Edit in ERPNext","Read-only: Sunting di ERPNext",""
"Enable","Pengaktifkan",""
"Basic Information","Informasi Dasar",""
"Promotion Name","Nama Penawaran",""
"e.g., Summer Sale 2025","Contoh: Penjualan Bulan Ramadhan 2025",""
"Valid From","Berlalu Mulai",""
"Valid Until","Berlaku Sampai",""
"Apply On","Terapkan Pada",""
"Specific Items","Item Spesifik",""
"Item Groups","Grup Item",""
"Brands","Merek",""
"Entire Transaction","Semua transaksi",""
"Select {0}","Pilih {0}",""
"Required","Diperlukan",""
"Search items... (min 2 characters)","Mencari item... (minimal 2 huruf)",""
"Searching from {0} cached items","",""
"-- Select Item Group --","-- Pilih Grup Item --",""
"-- Select Brand --","-- Pilih Merek --",""
"Discount Details","Detail Diskon",""
"Discount Type","Jenis Diskon",""
"Discount (%)","Diskon (%)",""
"discount ({0})","Diskon ({0})",""
"Free Item","Item Gratis",""
"Search item... (min 2 characters)","Pencarian item... (minimal 2 huruf)",""
"Free Quantity","Jumlah Item Gratis",""
"Minimum Quantity","Kuantitas Minimum",""
"Maximum Quantity","Kuantitas Maximum",""
"Minimum Amount ({0})","Jumlah Minimum ({0})",""
"Maximum Amount ({0})","Jumlah Maksimum ({0})",""
"Delete Promotion","Hapus Penawaran",""
"Are you sure you want to delete <strong>\"{0}\"<strong>?","Apakah Anda yakin ingin menghapus <strong>\"{0}\"<strong>?",""
"This will also delete all associated pricing rules. This action cannot be undone.","Tindakan ini akan menghapus semua aturan penetapan skema harga yang terkait. Tindakan ini tidak dapat dibatalkan.",""
"Percentage","persentase",""
"Fixed Amount","Jumlah tetap",""
"Failed to load item groups","Gagal memuat grup item",""
"Failed to load brands","Merek gagal dimuat",""
"Promotion created successfully","Promosi berhasil dibuat",""
"Failed to create promotion","Gagal membuat promosi",""
"Promotion updated successfully","Promosi berhasil diperbarui",""
"Failed to update promotion","Promosi gagal diperbarui",""
"Promotion status updated successfully","Status promosi berhasil diperbarui",""
"Failed to update promotion status","Status promosi gagal diperbarui",""
"Promotion deleted successfully","Promosi berhasil dihapus",""
"Failed to delete promotion","Promosi gagal dihapus",""
"Failed to load promotion details","Detail promosi gagal dimuat",""
"An error occurred","Terjadi kesalahan",""
"Please enter a promotion name","Silakan masukkan nama promosi",""
"Promotion \"{0}\" already exists. Please use a different name.","Promosi \"{0}\" sudah ada. Silakan gunakan nama lain.",""
"Please select at least one {0}","Silakan pilih setidaknya satu {0}",""
"Partially Paid ({0})","Dibayar Sebagian ({0})",""
"Unpaid ({0})","Belum dibayar ({0})",""
"Overdue ({0})","Jatuh Tempo ({0})",""
"Outstanding Payments","Menuggu Pembayaran",""
"{0} paid","{0} selesai dibayar",""
"No Unpaid Invoices","Tidak ada tagihan yang belum dibayar.",""
"All invoices are fully paid","Semua tagihan telah dibayar/lunas",""
"No invoices found","Faktur tidak ditemukan",""
"Date & Time","Tanggal & Waktu",""
"Paid Amount","Jumlah yang Dibayar",""
"No draft invoices","Tidak ada draf faktur",""
"Save invoices as drafts to continue later","Anda dapat menyimpan faktur sebagai draf untuk dilanjutkan nanti",""
"Customer: {0}","Pelanggan: {0}",""
"Print draft","Cetak draf",""
"Delete draft","Hapus draf",""
"{0} item(s)","{0} Item(s)",""
"+{0} more","+{0} lainnya",""
"No return invoices","Tidak ada faktur pengembalian",""
"Return invoices will appear here","Faktur pengembalian akan muncul di sini",""
"Against: {0}","Terhadap: {0}",""
"Drafts","Draf",""
"Failed to load unpaid invoices","Gagal memuat faktur yang belum dibayar",""
"Select Batch Numbers","Pilih Nomor Batch",""
"Select Serial Numbers","Pilih Nomor Seri",""
"Select Batch Number","Pilih Nomor Batch",""
"Qty: {0}","Qty: {0}",""
"Exp: {0}","Exp: {0}",""
"Select Serial Numbers ({0}/{1})","Pilih nomor seri ({0}/{1})",""
"Warehouse: {0}","Gudang: {0}",""
"Or enter serial numbers manually (one per line)","Atau masukkan nomor seri secara manual (satu per baris)",""
"Enter serial numbers...","Masukkan nomor seri...",""
"Change language: {0}","Ubah bahasa: {0}",""
"<strong>{0}</strong> of <strong>{1}</strong> invoice(s)","<strong>{0}</strong> dari <strong>{1}</strong> faktur",""
"From Date","Dari Tanggal",""
"To Date","Sampai tanggal",""
"Save these filters as...","Simpan filter ini sebagai...",""
"Saved Filters","Filter tersimpan",""
"Partial","Sebagian",""
"Delete \"{0}\"?","Hapus \"{0}\"?",""
"Install POSNext","Memasang POSNext",""
"Faster access and offline support","Akses lebih cepat dan dukungan offline",""
"Snooze for 7 days","Penundaan 7 hari",""
"Install","Memasang",""
"Close (shows again next session)","Penutupan (muncul kembali di sesi berikutnya)",""
"Searching...","Sedang mencari...",""
"No options available","Tidak ada pilihan yang tersedia",""
"Clear selection","Hapus pilihan",""
"Load more ({0} remaining)","Muat lebih banyak ({0} sisa pembayaran/tagihan)",""
"Search...","Cari...",""
"Search coupons...","Cari kupon...",""
"Expired","Kedaluwarsa",""
"Exhausted","Habis",""
"All Types","Semua Jenis",""
"POS Next","",""
"View items","Lihat item",""
"View cart","Lihat keranjang",""
"View cart with {0} items","Lihat keranjang dengan {0} item",""
"Hr","Jam",""
"Min","Menit",""
"Sec","Detik",""
"{0} paid of {1}","{0} dibayarkan dari {1}",""
"Sales Persons","Tenaga Penjualan",""
"Sales Person","Tenaga Penjualan",""
"1 selected","1 terpilih",""
"Selected:","Terpilih:",""
"Total: {0}% (should be 100%)","Total: {0}% (seharusnya 100%)",""
"Commission: {0}%","Komisi: 0%",""
"Search to add sales persons","Cari untuk menambahkan tenaga penjualan",""
"Loading sales persons...","Memuat tenaga penjualan...",""
"No sales persons found","Tidak ditemukan tenaga penjualan",""
"Additional Discount","Diskon Tambahan",""
"% Percent","% Persen",""
"{0} Amount","Jumlah {0}",""
"Select payment method to add","Pilih metode pembayaran untuk ditambahkan",""
"Added","Ditambahkan",""
"Quick amounts for {0}","Input cepat untuk {0}",""
"Custom amount","Jumlah khusus",""
"Payment Breakdown","Rincian Pembayaran",""
"Apply Credit","Ajukan Kredit",""
"Pay on Account","pembayaran di muka (Kredit)",""
"Maximum allowed discount is {0}%","Diskon maksimum yang diperbolehkan adalah {0}%",""
"Maximum allowed discount is {0}% ({1} {2})","Diskon maksimum yang diperbolehkan adalah {0}% ({1} {2})",""
"Create new customer","Buat pelanggan baru",""
"Remove customer","Hapus Pelanggan",""
"Search or add customer...","Cari atau tambahkan pelanggan...",""
"Search customer in cart","Cari pelanggan di dalam keranjang",""
"Select items to start or choose a quick action","Klik item untuk menambahkan atau lewat aksi barcode",""
"View current shift details","Lihat detail shift saat ini",""
"View draft invoices","Lihat draf faktur",""
"View invoice history","Lihat riwayat faktur",""
"Process return invoice","Proses faktur pengembalian",""
"Close current shift","Tutup shift saat ini",""
"{0} free item(s) included","{0} item gratis disertakan",""
"+{0} FREE","+{0} Gratis",""
"Remove {0}","Hapus {0}",""
"Remove item","Hapus item",""
"Decrease quantity","Kurangi kuantitas",""
"Increase quantity","Tambah kuantitas",""
"Click to change unit","Klik untuk mengubah satuan unit",""
"Only one unit available","Hanya satu unit yang tersedia",""
"Total Quantity","Jumlah Kuantitas",""
"Proceed to payment","Lanjutkan ke pembayaran",""
"Hold order as draft","Simpan/Tangguhkan pesanan sebagai draf.",""
"Hold","Simpan/Tangguhkan",""
"Offers","Penawaran",""
"Coupon","kupon",""
"Edit Item Details","Edit Detail Item",""
"Edit item quantity, UOM, warehouse, and discount","Edit jumlah item, satuan ukuran, gudang, dan diskon.",""
"Default","Bawaan",""
"Item Discount","Diskon Barang",""
"Percentage (%)","Persentase (%)",""
"Checking Stock...","Memeriksa Stok...",""
"No Stock Available","Stok Habis",""
"Update Item","Perbarui Item",""
"\"{0}\" is not available in warehouse \"{1}\". Please select another warehouse.","\"{0}\" tidak tersedia di gudang \"{1}\". Silakan pilih gudang lain.",""
"Only {0} units of \"{1}\" available in \"{2}\". Current quantity: {3}","Hanya ada {0} unit \"{1}\" yang tersedia di \"{2}\". Jumlah saat ini: {3}",""
"{0} units available in \"{1}\"","{0} unit tersedia di \"{1}\"",""
"Available Offers","Penawaran yang Tersedia",""
"Loading offers...","Memuat penawaran...",""
"Applying offer...","Penawaran sedang diterapkan...",""
"No offers available","Tidak ada penawaran yang tersedia",""
"Add items to your cart to see eligible offers","Tambahkan item ke keranjang belanja Anda untuk melihat penawaran yang berlaku.",""
"APPLIED","TERAPKAN",""
"Applied","Terapkan",""
"PRICING RULE","PENETAPAN HARGA",""
"PROMO SCHEME","RENCANA/SKEMA PROMOSI",""
"{0}% OFF","Diskon {0}%",""
"{0} OFF","Diskon {0}",""
"Special Offer","Penawaran Khusus",""
"+ Free Item","+ Item Gratis",""
"Min Purchase","Pembelian Minimum",""
"Min Quantity","Jumlah minimum",""
"Subtotal (before tax)","Subtotal (sebelum pajak)",""
"Add {0} more to unlock","Tambahkan {0} untuk mendapatkan penawaran",""
"Remove Offer","Hapus Penawaran",""
"Apply Offer","Terapkan Penawaran",""
"Create Return Invoice","Buat Faktur Pengembalian",""
"Select Invoice to Return","Pilih faktur untuk menyelesaikan proses pengembalian",""
"Search by invoice number or customer name...","Cari berdasarkan nomor faktur atau nama pelanggan...",""
"Search by invoice number or customer...","Cari berdasarkan nomor faktur atau pelanggan...",""
"Process Return","Proses Pengembalian",""
"Select Items to Return","Pilih item yang ingin dikembalikan",""
"⚠️ {0} already returned","ً⚠️ {0} sudah dikembalikan",""
"Return Qty:","Jumlah pengembalian:",""
"of {0}","Dari {0}",""
"No items available for return","Tidak ada item yang dapat dikembalikan.",""
"Refund Payment Methods","Metode Pengembalian Dana",""
"+ Add Payment","Tambahkan Metode Pembayaran",""
"Select method...","Pilih metode...",""
"Select payment method...","Pilih metode pembayaran...",""
"Total Refund:","Total Pengembalian Dana:",""
"Payment Total:","Total yang Dibayarkan:",""
"⚠️ Payment total must equal refund amount","⚠️ Jumlah pembayaran total harus sama dengan jumlah pengembalian dana",""
"Return Summary","Ringkasan Pengembalian",""
"Items to Return:","Item yang dapat dikembalikan:",""
"Refund Amount:","Jumlah pengembalian dana:",""
"Enter reason for return (e.g., defective product, wrong item, customer request)...","Input alasan pengembalian (contoh: item cacat, item salah, permintaan pelanggan)...",""
"{0} item(s) selected","{0} item dipilih",""
"Create Return","Buat Faktur Pengembalian",""
"OK","OKE",""
"Invoice must be submitted to create a return","Faktur harus disetujui agar pengembalian dana dapat diproses",""
"Cannot create return against a return invoice","Pengembalian dana tidak dapat dibuat dari faktur pengembalian",""
"All items from this invoice have already been returned","Semua item dari faktur ini telah dikembalikan",""
"Return against {0}","Kembali dari {0}",""
"Failed to create return invoice","Gagal membuat faktur pengembalian",""
"Failed to load recent invoices","Faktur terbaru gagal dimuat",""
"{0}: maximum {1}","{0}: Maksimum {1}",""
"Adjust return quantities before submitting.\n\n{0}","Sesuaikan jumlah pengembalian sebelum diproses.\n\n{0}",""
"{0} Pending Invoice(s)","{0} Faktur Tertunda",""
"These invoices will be submitted when you're back online","Faktur-faktur ini akan diproses saat Anda kembali online",""
"Sync All","Sinkronkan Semua",""
"No pending offline invoices","Tidak ada faktur offline yang tertunda",""
"Walk-in Customer","Pelanggan Langsung",""
"{0} failed","Gagal {0}",""
"Payments:","Pembayaran:",""
"Edit Invoice","Sunting Faktur",""
"Are you sure you want to delete this offline invoice?","Apakah Anda yakin ingin menghapus tagihan offline ini?",""
"This action cannot be undone.","Tindakan ini tidak dapat dibatalkan",""
"Just now","Sekarang",""
"{0} minutes ago","{0} menit yang lalu",""
"{0} hours ago","{0} jam yang lalu",""
"POS Settings","Pengaturan POS",""
"Save Changes","Simpan Perubahan",""
"Loading settings...","Memuat pengaturan...",""
"Stock Management","Manajemen Inventaris",""
"Configure warehouse and inventory settings","Pengaturan gudang dan inventaris",""
"Stock Controls","Kontrol Inventaris",""
"Warehouse Selection","Pemilihan Gudang",""
"Loading warehouses...","Memuat Gudang...",""
"Active Warehouse","Gudang Aktif",""
"All stock operations will use this warehouse. Stock quantities will refresh after saving.","Semua operasi stok akan menggunakan gudang ini. Jumlah stok akan diperbarui setelah disimpan.",""
"Stock Validation Policy","Kebijakan Validasi Stok",""
"Allow Negative Stock","Izinkan Stok Negatif",""
"Enable selling items even when stock reaches zero or below. Integrates with ERPNext stock settings.","Memungkinkan penjualan barang bahkan ketika stok mencapai nol atau kurang. Terintegrasi dengan pengaturan stok ERPNext.",""
"Background Stock Sync","Sinkronisasi Stok di Latar Belakang",""
"Enable Automatic Stock Sync","Aktifkan Sinkronisasi Stok Otomatis",""
"Periodically sync stock quantities from server in the background (runs in Web Worker)","Sinkronkan jumlah stok secara berkala dari server di latar belakang (berjalan di Web Worker)",""
"Sync Interval (seconds)","Interval Sinkronisasi (detik)",""
"How often to check server for stock updates (minimum 10 seconds)","Seberapa sering server diperiksa untuk pembaruan stok (minimal 10 detik)",""
"Warehouse not set","Gudang belum diatur",""
"Network Usage:","Penggunaan Jaringan:",""
"~15 KB per sync cycle","~15 KB per siklus sinkronisasi",""
"~{0} MB per hour","~{0} MB per jam",""
"Sales Management","Manajemen Penjualan",""
"Configure pricing, discounts, and sales operations","Konfigurasikan harga, diskon, dan operasional penjualan",""
"Sales Controls","Kontrol Penjualan",""
"Pricing & Discounts","Harga & Diskon",""
"Tax Inclusive","Harga sudah termasuk pajak",""
"When enabled, displayed prices include tax. When disabled, tax is calculated separately. Changes apply immediately to your cart when you save.","Saat diaktifkan, harga yang ditampilkan sudah termasuk pajak. Saat dinonaktifkan, pajak dihitung secara terpisah. Perubahan akan langsung berlaku pada keranjang belanja Anda saat Anda menyimpan.",""
"Max Discount (%)","Diskon Maksimum (%)",""
"Maximum discount per item","Diskon maksimal per item",""
"Use Percentage Discount","Gunakan Diskon Persentase",""
"Show discounts as percentages","Tampilkan diskon dalam bentuk persentase",""
"Allow Additional Discount","Berikan Diskon Tambahan",""
"Enable invoice-level discount","Aktifkan diskon tingkat faktur",""
"Allow Item Discount","Izinkan Diskon Barang",""
"Enable item-level discount in edit dialog","Aktifkan diskon tingkat item di dialog edit",""
"Disable Rounded Total","Nonaktifkan Total Pembulatan (Rounded)",""
"Show exact totals without rounding","Tampilkan total yang tepat tanpa pembulatan",""
"Sales Operations","Operasi Penjualan",""
"Allow Credit Sale","Izinkan Penjualan Kredit (Crdit Sale)",""
"Enable sales on credit","Aktifkan penjualan secara kredit",""
"Allow Return","Izinkan Pengembalian",""
"Enable product returns","Aktifkan pengembalian item",""
"Allow Write Off Change","Izinkan Perubahan Write Off (Penghapusan Pecahan/Cacat)",""
"Write off small change amounts","Hapuskan uang kembalian kecil",""
"Allow Partial Payment","Mengizinkan Pembayaran Terpisah/Sebagian",""
"Enable partial payment for invoices","Aktifkan pembayaran terpisah/sebagian",""
"Print without confirmation","Cetak tanpa konfirmasi",""
"No POS Profile Selected","Tidak ada Profil POS yang Dipilih",""
"Please select a POS Profile to configure settings","Silakan pilih Profil POS untuk mengkonfigurasi pengaturan",""
"Failed to load settings","Gagal memuat pengaturan",""
"POS Profile not found","POS Profil tidak ditemukan",""
"Settings saved successfully","Pengaturan berhasil disimpan",""
"Settings saved, warehouse updated, and tax mode changed. Cart will be recalculated.","Pengaturan tersimpan, gudang diperbarui, dan mode pajak diubah. Keranjang belanja akan dihitung ulang.",""
"Settings saved and warehouse updated. Reloading stock...","Pengaturan tersimpan dan gudang telah diperbarui. Memuat ulang stok...",""
"Failed to save settings","Pengaturan gagal diperbaharui",""
"{0}s ago","{0} detik yang lalu",""
"{0}m ago","0 menit yang lalu",""
"Sign in to POS Next","Masuk ke POS Next",""
"Login Failed","Gagal Masuk",""
"Enter your username or email","Input nama pengguna atau email",""
"User ID / Email","User ID / Email",""
"Enter your password","Input kata sandi",""
"Hide password","Sembunyikan kata sandi",""
"Show password","Tampilkan kata sandi",""
"Signing in...","Sedang masuk...",""
"Clear all items","Hapus semua item",""
"View all available offers","Lihat semua penawaran yang tersedia",""
"Apply coupon code","Gunakan kode kupon",""
"Create New Coupon","Buat Kode Kupon Baru",""
"No coupons found","Tidak ditemukan kupon",""
"Gift","Hadiah",""
"Used: {0}/{1}","Digunakan: {0}/{1}",""
"Used: {0}","Digunakan: {0}",""
"Select a Coupon","Pilih Kupon",""
"Choose a coupon from the list to view and edit, or create a new one to get started","Pilih kupon dari daftar untuk melihat dan mengedit, atau buat yang baru untuk memulai.",""
"You don't have permission to create coupons","Anda tidak memiliki izin untuk membuat kupon",""
"Coupon Details","Detail Kupon",""
"Fill in the details to create a new coupon","Isi detail untuk membuat kupon baru",""
"View and update coupon information","Lihat dan perbarui informasi kupon",""
"Create","Buat",""
"Coupon Name","Nama Kupon",""
"e.g., Summer Sale Coupon 2025","Contoh: Kupon Diskon Bulan Ramadhan 2025",""
"Coupon Type","Jenis Kupon",""
"Promotional","Promosi",""
"Gift Card","Kartu Hadiah",""
"Auto-generated if empty","Dibuat secara otomatis jika kosongً",""
"Generate","Hasilkan",""
"Customer ID or Name","ID atau Nama Pelanggan",""
"Company","Perusahaan/Organisasi",""
"Discount Configuration","Konfigurasi Diskon",""
"Apply Discount On","Terapkan Diskon pada",""
"e.g., 20","misalnya, 20",""
"Amount in {0}","Jumlah dalam {0}",""
"Minimum Cart Amount","Jumlah Minimum Keranjang Belanja",""
"Optional minimum in {0}","Nilai minimum opsional adalah {0}",""
"Maximum Discount Amount","Jumlah Diskon Maksimum",""
"Optional cap in {0}","Tutup opsional di {0}",""
"Current Discount:","Diskon Saat Ini:",""
"{0}% off {1}","Diskon {0}% untuk 1",""
"{0} off {1}","Diskon {0} untuk {1}",""
"(Min: {0})","(Discount Minimum: {0})",""
"(Max Discount: {0})","(Diskon Maksimum: {0})",""
"Validity & Usage","Validasi & Penggunaan",""
"Unlimited","Tak Terbatas",""
"Only One Use Per Customer","Hanya dapat digunakan satu kali per pelanggan",""
"Coupon Status & Info","Status Kupon & Informasi",""
"Current Status","Situasi Terkini",""
"Created On","Tanggal pembuatan",""
"Last Modified","Terakhir Diubah",""
"Delete Coupon","Hapus Kupon",""
"-- No Campaign --","-- Tidak Ada Kampanye --",""
"Failed to load coupons","Gagal memuat kupon",""
"Failed to load coupon details","Detail kupon gagal dimuat",""
"Coupon created successfully","Kupon berhasil dibuat",""
"Failed to create coupon","Gagal membuat kupon",""
"Coupon updated successfully","Kupon berhasil diperbarui",""
"Failed to update coupon","Kupon gagal diperbarui",""
"Coupon status updated successfully","Status kupon berhasil diperbarui",""
"Failed to toggle coupon status","Gagal mengubah status kupon",""
"Coupon deleted successfully","Kupon berhasil dihapus",""
"Failed to delete coupon","Gagal menghapus kupon",""
"Please enter a coupon name","Silakan memasukkan nama kupon",""
"Please select a discount type","Silakan pilih jenis diskon",""
"Please enter a valid discount percentage (1-100)","Silakan masukkan persentase diskon yang valid (1-100)",""
"Please enter a valid discount amount","Silakan masukkan jumlah diskon yang valid.",""
"Please select a customer for gift card","Silakan pilih pelanggan untuk kartu hadiah (Gift Card)",""
"Cannot delete coupon as it has been used {0} times","Kupon tidak dapat dihapus karena telah digunakan {0} kali.",""
"Add to Cart","Tambahkan ke keranjang",""
"Warehouse","Gudang",""
"Search products...","Pencarian item...",""
"Item Code","Kode Item",""
"Brand","Merek",""
"Transaction","Transaksi",""
"e.g., Summer Sale 2025","misalnya, Ramadhan 2025",""
"Pricing Rules","Aturan Penetapan Harga",""
"Promo Schemes","Rencana/Skema Promosi",""
"Return Reason","Alasan Pengembalian",""
"Settings saved. Tax mode is now \"inclusive\". Cart will be recalculated.","Pengaturan tersimpan. Mode pajak sekarang "inklusif". Keranjang akan dihitung ulang.",""
"Settings saved. Tax mode is now \"exclusive\". Cart will be recalculated.","Pengaturan tersimpan. Mode pajak sekarang "eksklusif". Keranjang akan dihitung ulang.",""
"This will clear all cached items, customers, and stock data. Invoices and drafts will be preserved.","Ini akan menghapus semua item, pelanggan, dan data stok yang tersimpan dalam cache. Faktur dan draf akan tetap tersimpan.",""
"Clear All Data","Hapus Semua Data",""
"Clearing...","Sedang menghapus...",""
"Confirm Clear Cache","",""
"Outstanding","Jatuh Tempo",""
"No Outstanding","Tidak ada Jatuh Tempo",""
"Pay Outstanding","Pembayaran Tertunggak/Jatuh Tempo",""
"View Outstanding","Lihat Pembayaran Jatuh Tempo",""
"Search invoices...","Cari faktur...",""
"Invoice Management","Manajemen Faktur",""
"Manage Invoices","Manajemen Faktur",""
"All Invoices","Semua faktur",""
"Return","Pengembalian",""
"Load More","Muat Lebih Banyak",""
"No more invoices","Tidak ada lagi faktur",""
"Failed to load invoices","Gagal memuat faktur",""
"Apply Filter","Terapkan Filter",""
"Reset Filter","Atur Ulang Filter",""
"Filter by Status","Filter berdasarkan Status",""
"Filter by Date","Filter berdasarkan Tanggal",""
"Show All","Tampilkan Semua",""
"Shift Details","Detail Shift",""
"Shift ID","Shift ID",""
"Cashier","Kasir",""
"Current Time","Waktu saat ini",""
"Cash Sales","Penjualan dari Uang Tunai",""
"Card Sales","Penjualan dari Kartu",""
"Other Sales","Penjualan dari lainnya",""
"Total Transactions","Total Transaksi",""
"Average Transaction","Transaksi Rata-Rata",""
"Shift Summary","Ringkasan Shift",""
"View Full Report","Lihat laporan lengkap",""
"Print Report","Cetak Laporan",""
"Export Data","Ekspor data",""
"Quick Actions","Aksi Cepat",""
"New Sale","Penjualan Baru",""
"Recent Activity","Aktivitas Terkini",""
"No recent activity","Tidak ada aktivitas terbaru",""
"Show All Activity","Lihat Semua Aktivitas",""
"Keyboard Shortcuts","Pintasan keyboard",""
"Press F1 for help","Tekan F1 untuk bantuan",""
"Press Enter to search","Tekan Enter untuk mencari",""
"Press Esc to close","Tekan Esc untuk menutup",""
"Scanning...","Pemindaian sedang berlangsung...",""
"Scan Complete","Pemindaian Selesai",""
"Scan Failed","Pemindaian Gagal",""
"Invalid Barcode","Barcode Tidak Valid",""
"Item Scanned","Item telah Dipindai.",""
"Multiple Results","Beberapa Hasil",""
"Select Item","Pilih Item",""
"Enter Quantity","Masukkan Jumlah",""
"Set Price","Harga Tetap",""
"Custom Price","Harga Khusus",""
"Original Price","Harga Asli",""
"New Price","Harga Baru",""
"Price Changed","Harga Berubah",""
"Discount Applied","Diskon telah diterapkan",""
"Offer Applied","Penawaran telah diterapkan",""
"Coupon Applied","Kupon telah diterapkan",""
"Free Items Added","Item gratis telah ditambahkan",""
"Bundle Items","Paket Item",""
"View Bundle","Lihat Paket Item",""
"Expand Bundle","Perluas Paket Item",""
"Collapse Bundle","Perkecil Paket Item",""
"Stock Warning","Peringatan Stok",""
"Low Stock Warning","Peringatan Jika Stok Menipis",""
"Only {0} left in stock","Hanya tersisa {0} stok",""
"Continue Anyway","Tetap Lanjutkan",""
"Check Other Warehouses","Periksa Gudang Lain",""
"Transfer Stock","Transfer Stok",""
"Reserve Stock","Reservasi stok",""
"Stock Reserved","Stok Sudah Dipesan",""
"Reservation Expired","Reservasi telah kedaluwarsa",""
"Extend Reservation","Perpanjangan Reservasi/Pemesanan",""
"Release Reservation","Reservasi Rilis",""
"Customer Account","Akun Pelanggan",""
"Credit Limit","Batas kredit",""
"Available Credit","Kredit Tersedia",""
"Credit Used","Kredit yang Digunakan",""
"Credit Exceeded","Kredit Terlampaui",""
"Requires Approval","Persetujuan Diperlukan",""
"Request Approval","Permohonan Persetujuan",""
"Approval Pending","Menunggu Persetujuan",""
"Approved","Disetujui",""
"Rejected","Ditolak",""
"Loyalty Points","Poin Loyalitas",""
"Points Balance","Saldo Poin",""
"Redeem Points","Tukarkan Poin",""
"Points to Redeem","Poin yang Dapat Ditukarkan",""
"Points Value","Nilai Poin",""
"Points Earned","Poin yang Didapatkan",""
"Points Redeemed","Poin yang Ditukarkan",""
"No redeemable points available","Tidak ada poin yang dapat ditukarkan",""
"Points applied: {0}. Please pay remaining {1} with {2}","Poin yang diterapkan: {0}. Harap bayar sisa {1} dengan {2}",""
"Split Payment","Pisahkan Pembayaran",""
"Add Split","Buat tagihan Terpisah",""
"Remove Split","Hapus Tagihan Terpisah",""
"Split Amount","Jumlah Tagihan Terpisah",""
"Remaining to Pay","Sisa Pembayaran/Tagihan",""
"Payment Complete","Pembayaran Selesai",""
"Print Options","Opsi Printer",""
"Print Preview","Tinjau Printer",""
"Printer Settings","Pengaturan Printer",""
"Select Printer","Pilih Printer",""
"Default Printer","Printer Bawaan",""
"Paper Size","Ukuran Kertas",""
"Print Copies","Cetak Salinan",""
"Include Logo","Sertakan logo",""
"Include QR Code","Sertakan QR Code",""
"Include Barcode","Sertakan barcode",""
"Compact Mode","Mode Compact",""
"Full Mode","Mode Full",""
"Email Receipt","Kirim kuitansi melalui Email",""
"SMS Receipt","Kirim kuitansi melalui SMS",""
"WhatsApp Receipt","Kirim kuitansi melalui WhatsApp",""
"Receipt Sent","Kuitansi Terkirim",""
"Failed to Send","Pengiriman Gagal",""
"Retry","Coba Kembali",""
"Skip","Lewati",""
"Done","Selesai",""
"Finish","Berakhir",""
"Complete Sale","Penjualan Selesai",""
"New Transaction","Transaksi Baru",""
"Continue Shopping","Lanjutkan Berbelanja",""
"Start New Sale","Mulai Jualan",""
"View Receipt","Lihat Kuitansi",""
"Download Receipt","Unduh Kuitansi",""
"Share Receipt","Bagikan Kuitansi",""
"Copy Link","Salin Tautan",""
"Link Copied","Tautan Disalin",""
"Invoice loaded to cart for editing","Faktur telah ditambahkan ke keranjang untuk perbaharui",""
"Campaign","Kampanye",""
"Referral Code","Kode Referensi (Referral)",""
"Times Used","Jumlah Penggunaan",""
"Maximum Use","Penggunaan Maksimum",""
"Are you sure you want to delete <strong>\"{0}\"<strong>?","Apakah Anda yakin ingin menghapus <strong>\"{0}\"<strong>?",""
"Return Reason <span class=\"text-gray-400\">(optional)</span>","Alasan Pengembalian <span class=\"text-gray-400\">(opsional)</span>",""
"Return Reason &lt;span class=&quot;text-gray-400&quot;&gt;(optional)&lt;/span&gt;","Alasan Pengembalian &lt;span class=&quot;text-gray-400&quot;&gt;(opsional)&lt;/span&gt;",""
"<strong>Note:<strong> When enabled, the system will allow sales even when stock quantity is zero or negative. This is useful for handling stock sync delays or backorders. All transactions are tracked in the stock ledger.","<strong>Catatan:<strong> Saat diaktifkan, sistem akan mengizinkan penjualan meskipun jumlah stok nol atau negatif. Ini berguna untuk menangani penundaan sinkronisasi stok atau pesanan tertunda. Semua transaksi dilacak dalam buku besar stok.",""
"<strong>Status:<strong> Running","<strong>Status:<strong> Berjalan",""
"<strong>Status:<strong> Stopped","<strong>Status:<strong> Berhenti",""
"<strong>Items Tracked:<strong> {0}","<strong>Item yang Dilacak:<strong> {0}",""
"<strong>Warehouse:<strong> {0}","<strong>Gudang:<strong> {0}",""
"<strong>Last Sync:<strong> {0}","<strong>Sinkronisasi Terakhir:<strong> {0}",""
"<strong>Last Sync:<strong> Never","<strong>Sinkronisasi Terakhir:<strong> Tidak pernah",""
"Cart subtotal BEFORE tax - used for discount calculations","Subtotal keranjang belanja SEBELUM pajak - digunakan untuk perhitungan diskon",""
"Draft invoice deleted","Draf faktur dihapus",""
"Failed to delete draft invoice","Gagal menghapus draf faktur",""
"Search sales person...","Cari tenaga penjualan...",""
"Item Group","Grup Item",""
"Mobile","Ponsel",""
"Clear Cache?","Hapus Cache?",""
"Clearing Cache...","Menghapus Cache...",""
"Please wait while we clear your cached data","Mohon tunggu sebentar. Data cache Anda sedang dihapus.",""
"<strong>Company:</strong> {0}","<strong>Organisasi:</strong> {0}",""
"<strong>Company:<strong>","<strong>Organisasi:<strong>",""
"<strong>Opened:</strong> {0}","<strong>Dibuka:</strong> {0}",""
"<strong>Opened:<strong>","<strong>Dibuka:<strong>",""
"<strong>POS Profile:</strong> {0}","<strong>POS Profil:</strong> {0}",""
"Are you sure you want to sign out of POS Next?","Apakah Anda yakin ingin keluar dari POS Next?",""
"At least {0} items required","Setidaknya {0} item diperlukan",""
"Create new customer: {0}","Buat pelanggan baru: {0}",""
"Creating return for invoice {0}","Membuat faktur pengembalian untuk faktur {0}",""
"Enter actual amount for {0}","Masukkan jumlah aktual dari {0}",""
"Exception: {0}","Pengecualian: {0}",""
"Expected: <span class=""font-medium"">{0}</span>","Ekspetasi: <span class=""font-medium"">{0}</span>",""
"From {0}","Dari {0}",""
"Invoice - {0}","Faktur - {0}",""
"Invoice ID: {0}","Faktur ID: {0}",""
"Invoice {0} created and sent to printer","Faktur {0} dibuat dan dikirim ke printer",""
"Invoice {0} created but print failed","Faktur {0} telah dibuat tetapi pencetakan gagal",""
"Invoice {0} created successfully","Faktur {0} berhasil dibuat",""
"Invoice {0} created successfully!","Faktur {0} berhasil dibuat!",""
"Item: {0}","Item: {0}",""
"Maximum cart value exceeded ({0})","Nilai keranjang maksimum sudah terlampaui ({0})",""
"Maximum {0} items allowed for this offer","Jumlah maksimum {0} item diperbolehkan untuk penawaran ini",""
"Message: {0}","Pesan: {0}",""
"Minimum cart value of {0} required","Nilai minimum yang dibutuhkan untuk keranjang adalah {0}",""
"No pending invoices to sync","Tidak ada tagihan yang belum dibayar untuk proses sinkronisasi.",""
"Opening Balance (Optional)","Saldo awal (opsional)",""
"Promotion saved successfully","Promosi Penawaran berhasil disimpan",""
"Remove all {0} items from cart?","Hapus semua {0} barang dari keranjang?",""
"Return invoice {0} created successfully","Faktur pengembalian {0} berhasil dibuat",""
"Shift Open","Shift Terbuka",""
"Signing out...","Sedang keluar...",""
"Switched to {0}. Stock quantities refreshed.","Beralih ke {0}. Jumlah stok dimuat ulang.",""
"Unit changed to {0}","Unit diubah menjadi {0}",""
"View cart with {0} items","Lihat keranjang dengan {0} item",""
"Warehouse updated but failed to reload stock. Please refresh manually.","Gudang telah diperbarui, tetapi inventaris gagal dimuat. Harap perbarui (refresh) secara manual.",""
"Welcome to POS Next!","Selamat Datang di POS Next!",""
"Your cart doesn't meet the requirements for this offer.","Keranjang Anda tidak memenuhi persyaratan untuk penawaran ini.",""
"{0} applied successfully","{0} diterapkan dengan sukses",""
"{0} created and selected","{0} dibuat dan dipilih",""
"{0} invoice(s) failed to sync","{0} faktur gagal untuk disinkronkan",""
"{0} invoice(s) synced successfully","{0} faktur berhasil disinkronkan",""
"{0} invoices","{0} faktur",""
"{0} selected","{0} dipilih",""
"{0} settings applied immediately","{0} pengaturan diterapkan segera",""
"{0} transactions • {1}","{0} transaksi • {1}",""
"{0} updated successfully","{0} pembaharuan berhasil",""
"{0}h {1}s","{0}jam {1}detik",""
"{0}m","{0}menit",""
"✓ Connection successful: {0}","✓ Koneksi berhasil: {0}",""
"✗ Connection failed: {0}","✗ Koneksi gagal: {0}",""
"Manage all your invoices in one place","Kelola semua faktur Anda di satu tempat.",""
"All ({0})","Semua ({0})",""
"Promotions","Promosi Penawaran",""
"Search serial numbers...","Cari nomor seri...",""
"Loading serial numbers...","Memuat nomor seri...",""
"No serial numbers available","Tidak ada nomor seri yang tersedia",""
"No serial numbers match your search","Tidak ada nomor seri yang cocok dengan pencarian Anda",""
"Serial Numbers","Nomor Seri",""
"Cannot remove last serial","Tidak dapat menghapus nomor seri terakhir",""
"Remove serial","Hapus nomor seri",""
"Serial No:","Nomor Seri:",""
"Click to edit serials","Klik untuk sunting serial",""
"Edit serials","Sunting nomor seri",""
"serials","Serial",""
"Stock Lookup","Pencarian Stok",""
"Search for item availability across all warehouses","Cari ketersediaan item di semua gudang",""
"Search for items across warehouses","Cari item di berbagai gudang",""
"Type to search items...","Ketik untuk mencari item...",""
"Search by item name, code, or scan barcode","Cari berdasarkan nama item, kode, atau pindai barcode",""
"No items found for \"{0}\"","Tidak ada item yang ditemukan untuk \"{0}\"",""
"Try a different search term","Gunakan kata kunci pencarian yang berbeda",""
"Search Again","Ulagi Pencarian",""
"Search for an item","Cari sebuah item",""
"Start typing to see suggestions","Mulailah mengetik untuk menampilkan saran",""
"Navigate","Navigasi",""
"Enter","Enter",""
"Esc","Tutup",""
"Total Available","Jumlah total yang tersedia",""
"in 1 warehouse","Di satu gudang",""
"in {0} warehouses","Di gudang {0}",""
"{0} reserved","{0} Dicadangkan",""
"Actual Stock","stock Fisik/Aktual",""
"This item is out of stock in all warehouses","Stok item ini habis di semua gudang.ت",""
"Failed to load warehouse availability","Gagal memuat gudang yang tersedia",""
"Close dialog","Tutup dialog",""
"Clear search","Hapus pencarian",""
"Click to view availability in other warehouses","Klik untuk melihat ketersediaan di gudang lain",""
"Credit Sale Return","Pengembalian Penjualan Kredit (Credit Sale)",""
"This invoice was paid on account (credit sale). The return will reverse the accounts receivable balance. No cash refund will be processed.","Faktur ini dibayar secara kredit (Credit Sale). Pengembalian akan membalikkan saldo piutang. Tidak ada pengembalian uang tunai yang akan diproses.",""
"Customer Credit:","Kredit Pelanggan:",""
"This return was against a Pay on Account invoice. The accounts receivable balance has been reversed. No cash refund was processed.","Pengembalian ini terkait dengan faktur pembayaran di muka. Saldo piutang telah dibalik. Tidak ada pengembalian uang tunai yang diproses.",""
"This invoice was sold on credit. The customer owes the full amount.","Faktur ini dibuat secara kredit (Credit Sale). Pelanggan wajib membayar jumlah semuanya.",""
"Partially Paid Invoice","Faktur yang Dibayar Terpisah/Sebagianً",""
"This invoice was partially paid. The refund will be split proportionally.","Tagihan ini telah dibayar sebagian. Pengembalian dana akan dibagi secara proporsional.",""
"Cash Refund:","Pengembalian Uang Tunai:",""
"Credit Adjustment:","Penyesuaian Kredit:",""
"Refundable Amount:","Jumlah yang dapat dikembalikan:",""
"⚠️ Payment total must equal refundable amount","⚠️ Jumlah total pembayaran harus sama dengan jumlah yang dapat dikembalikan.",""
"Return Value:","Nilai Kembalian:",""
"Select Item Variant","Memilih Varian Item",""
"Select Unit of Measure","Pilih Satuan Ukuran",""
"Choose a variant of this item:","Pilih varian dari item ini:",""
"Select the unit of measure for this item:","Pilih satuan ukuran untuk barang ini.",""
"Loading options...","Memuat opsi...",""
"Stock: {0}","Stok: {0}",""
"This combination is not available","Kombinasi ini tidak tersedia",""
"Unit of Measure","Satuan Ukuran",""
"No Variants Available","Tidak Ada Varian yang Tersedia",""
"No Options Available","Tidak Ada Pilihan yang Tersedia.",""
"This item template <strong>{0}<strong> has no variants created yet.","Templat item ini <strong>{0}<strong> belum memiliki varian yang telah dibuat.",""
"No additional units of measurement configured for this item.","Tidak ada satuan ukuran tambahan yang dikonfigurasi untuk item ini.",""
"To create variants:","Buat varian:",""
"1. Go to <strong>Item Master<strong> → <strong>{0}<strong>","1. Buka <strong>Master Item<strong> → <strong>{0}<strong>",""
"2. Click <strong>""Make Variants""<strong> button","2. Klik tombol <strong>""Buat Varian""<strong>",""
"3. Select attribute combinations","3. Pilih kombinasi atribut",""
"4. Click <strong>""Create""<strong>","4. Klik <strong>""Buat""<strong>",""
"Stock unit","Unit Stok",""
"Requested quantity ({0}) exceeds available stock ({1})","Jumlah yang diminta ({0}) melebihi stok yang tersedia ({1})",""
"Offers are applied automatically when your cart meets the requirements","Penawaran akan diterapkan secara otomatis ketika keranjang belanja Anda memenuhi persyaratan.",""
"Waiting for requirements","Menunggu persyaratan",""
"Offer applied: {0}","Penawaran diterapkan: {0}",""
"Offer removed: {0}. Cart no longer meets requirements.","Penawaran dihapus: {0}. Keranjang belanja tidak lagi memenuhi persyaratan.",""
"Applying...","Menerapkan...",""
"Recent & Frequent","Terbaru dan paling sering digunakanً",""
"Frequent Customers","Pelanggan Tetap",""
"{0} {1} {2}h {3}m","{0} {1} {2}j {3}m",""
"Day","Hari",""
"Days","Hari",""
"1 {0} = {1} {2}","1 {0} = {1} {2}",""
"<strong>POS Profile:<strong> {0}","<strong>Profil POS:<strong> {0}",""
"Add another...","Tambah lagi...",""
"Add to Customer Credit Balance","Tambahkan ke Saldo Kredit Pelanggan",""
"Added to Customer Credit","Ditambahkan ke Kredit Pelanggan",""
"After returns","Setelah pengembalian",""
"All draft invoices deleted","Semua draf faktur dihapus",""
"All sales persons selected","Semua tenaga penjual dipilih",""
"Amount to Credit:","Jumlah Kredit:",""
"Amount:","Jumlah:",""
"At least {0} eligible items required","Minimal {0} item yang memenuhi syarat diperlukan",""
"Barcode scanning works for cached items","Pemindaian barcode berfungsi untuk item yang di-cache",""
"Cannot add more non-cash payments. Use cash for overpayment.","Tidak dapat menambah pembayaran non-tunai. Gunakan tunai untuk kelebihan bayar.",""
"Cannot clear cache while offline","Tidak dapat menghapus cache saat offline",""
"Cannot process return for this invoice","Tidak dapat memproses pengembalian untuk faktur ini",""
"Cart does not contain items from eligible brands","Keranjang tidak berisi item dari merek yang memenuhi syarat",""
"Cart is empty","Keranjang kosong",""
"Cash Refund","Pengembalian Tunai",""
"Change sales person","Ubah tenaga penjual",""
"Clear All Drafts?","Hapus Semua Draf?",""
"Clear all","Hapus semua",""
"Clear all cached data","Hapus semua data cache",""
"Clear all payments","Hapus semua pembayaran",""
"Complete Sales Order","Selesaikan Pesanan Penjualan",""
"Connect to the internet to load invoices","Hubungkan ke internet untuk memuat faktur",""
"Credit Balance","Saldo Kredit",""
"Custom","Kustom",""
"Customer {0} updated successfully","Pelanggan {0} berhasil diperbarui",""
"Days Since Purchase","Hari Sejak Pembelian",""
"Delete ""{0}""?","Hapus ""{0}""?",""
"Delete Draft?","Hapus Draf?",""
"Delete Offline Invoice","Hapus Faktur Offline",""
"Delivery Date","Tanggal Pengiriman",""
"Disable","Nonaktifkan",""
"Discount Percentage (%)","Persentase Diskon (%)",""
"Draft deleted successfully","Draf berhasil dihapus",""
"Edit Customer","Edit Pelanggan",""
"Edit customer details","Edit detail pelanggan",""
"Enable selling items even when stock reaches zero or below. Integrates with Back Office stock settings.","Aktifkan penjualan item meskipun stok mencapai nol atau di bawahnya. Terintegrasi dengan pengaturan stok Back Office.",""
"Exact amount only","Jumlah pasti saja",""
"Failed to check invoice","Gagal memeriksa faktur",""
"Failed to clear drafts","Gagal menghapus draf",""
"Failed to delete draft","Gagal menghapus draf",""
"Failed to load draft invoices","Gagal memuat draf faktur",""
"Failed to load variants","Gagal memuat varian",""
"Failed to print draft","Gagal mencetak draf",""
"Failed to update customer","Gagal memperbarui pelanggan",""
"Failed to update item.","Gagal memperbarui item.",""
"Gross Sales","Penjualan Kotor",""
"Hello","Halo",""
"Hello {0}","Halo {0}",""
"Info","Info",""
"Instead of cash refund, add the return amount to customer credit balance for future purchases.","Alih-alih pengembalian tunai, tambahkan jumlah pengembalian ke saldo kredit pelanggan untuk pembelian mendatang.",""
"Invoice Date","Tanggal Faktur",""
"Invoice fully paid. No additional payment needed.","Faktur sudah lunas. Tidak perlu pembayaran tambahan.",""
"Invoice not found","Faktur tidak ditemukan",""
"Loading stock information...","Memuat informasi stok...",""
"Loading variants...","Memuat varian...",""
"Loading {0}...","Memuat {0}...",""
"Locked","Terkunci",""
"Looking for invoice in database","Mencari faktur di database",""
"Max","Maks",""
"Maximum {0} eligible items allowed for this offer","Maksimal {0} item yang memenuhi syarat untuk penawaran ini",""
"Merged into {0} (Total: {1})","Digabungkan ke {0} (Total: {1})",""
"Mixed payment cannot exceed invoice total. Limit: {0}","Pembayaran campuran tidak boleh melebihi total faktur. Batas: {0}",""
"Net Sales","Penjualan Bersih",""
"Net Total","Total Bersih",""
"Net tax","Pajak bersih",""
"No connection","Tidak ada koneksi",""
"No items","Tidak ada item",""
"No items found","Tidak ada item ditemukan",""
"No items found for ""{0}""","Tidak ada item ditemukan untuk ""{0}""",""
"No payment methods available","Tidak ada metode pembayaran tersedia",""
"No results for ""{0}""","Tidak ada hasil untuk ""{0}""",""
"No sales persons available","Tidak ada tenaga penjual tersedia",""
"No variants found","Tidak ada varian ditemukan",""
"Non-cash payment must equal {0} exactly","Pembayaran non-tunai harus tepat {0}",""
"Offers applied: {0}","Penawaran diterapkan: {0}",""
"Offline Mode","Mode Offline",""
"Offline: {0} applied","Offline: {0} diterapkan",""
"Only {0} units of ""{1}"" available in ""{2}"". Current quantity: {3}","Hanya {0} unit ""{1}"" tersedia di ""{2}"". Jumlah saat ini: {3}",""
"Open a shift before creating a return invoice.","Buka shift sebelum membuat faktur pengembalian.",""
"Overpayment","Kelebihan Bayar",""
"Pay","Bayar",""
"Payment amount is correct","Jumlah pembayaran sudah benar",""
"Payments cannot be added while offline","Pembayaran tidak dapat ditambahkan saat offline",""
"Payments cannot be added while offline. Connect to the internet to add payments.","Pembayaran tidak dapat ditambahkan saat offline. Hubungkan ke internet untuk menambah pembayaran.",""
"Permanently delete all {0} draft invoices?","Hapus semua {0} draf faktur secara permanen?",""
"Permanently delete this draft invoice?","Hapus draf faktur ini secara permanen?",""
"Please contact your manager if you need to process this return.","Silakan hubungi manajer Anda jika perlu memproses pengembalian ini.",""
"Please select at least one variant","Silakan pilih setidaknya satu varian",""
"Promotion ""{0}"" already exists. Please use a different name.","Promosi ""{0}"" sudah ada. Silakan gunakan nama lain.",""
"Quantity locked (barcode item)","Jumlah terkunci (item barcode)",""
"Read-only: Edit in Back Office","Hanya-baca: Edit di Back Office",""
"Refresh unavailable offline","Penyegaran tidak tersedia saat offline",""
"Return Allowed Within","Pengembalian Diizinkan Dalam",""
"Return Period Expired","Periode Pengembalian Habis",""
"Return invoices cannot be processed while offline. Please connect to the internet to search for invoices and create returns.","Faktur pengembalian tidak dapat diproses saat offline. Silakan hubungkan ke internet untuk mencari faktur dan membuat pengembalian.",""
"Sales Invoice","Faktur Penjualan",""
"Sales Order","Pesanan Penjualan",""
"Sales person is required","Tenaga penjual diperlukan",""
"Search by invoice, customer, or mobile...","Cari berdasarkan faktur, pelanggan, atau ponsel...",""
"Search by name or code...","Cari berdasarkan nama atau kode...",""
"Search customer by name or mobile...","Cari pelanggan berdasarkan nama atau ponsel...",""
"Search customers...","Cari pelanggan...",""
"Search items by name or code...","Cari item berdasarkan nama atau kode...",""
"Search unavailable offline","Pencarian tidak tersedia saat offline",""
"Searching database...","Mencari di database...",""
"Select","Pilih",""
"Select Brand","Pilih Merek",""
"Select Item Group","Pilih Grup Item",""
"Select Variants","Pilih Varian",""
"Select a payment method","Pilih metode pembayaran",""
"Select a payment method to start","Pilih metode pembayaran untuk memulai",""
"Select option","Pilih opsi",""
"Select sales person...","Pilih tenaga penjual...",""
"Settings saved. Tax mode is now ""exclusive"". Cart will be recalculated.","Pengaturan disimpan. Mode pajak sekarang ""eksklusif"". Keranjang akan dihitung ulang.",""
"Settings saved. Tax mode is now ""inclusive"". Cart will be recalculated.","Pengaturan disimpan. Mode pajak sekarang ""inklusif"". Keranjang akan dihitung ulang.",""
"Sign in","Masuk",""
"Sign out","Keluar",""
"Status:","Status:",""
"Status: {0}","Status: {0}",""
"Summary","Ringkasan",""
"Syncing for offline...","Menyinkronkan untuk offline...",""
"Syncing: {0} items","Menyinkronkan: {0} item",""
"Tabs","Tab",""
"The customer received a cash refund for this return.","Pelanggan menerima pengembalian tunai untuk pengembalian ini.",""
"The return amount was added to the customer credit balance. No cash refund was given.","Jumlah pengembalian ditambahkan ke saldo kredit pelanggan. Tidak ada pengembalian tunai.",""
"The return amount will be added to the customer credit balance. No cash refund will be given.","Jumlah pengembalian akan ditambahkan ke saldo kredit pelanggan. Tidak ada pengembalian tunai.",""
"This coupon requires a minimum purchase of","Kupon ini memerlukan pembelian minimal sebesar",""
"This invoice cannot be returned because the return period has expired.","Faktur ini tidak dapat dikembalikan karena periode pengembalian telah habis.",""
"Total must equal invoice amount","Total harus sama dengan jumlah faktur",""
"Total: {0}%","Total: {0}%",""
"Try a different search term or check the invoice number","Coba istilah pencarian lain atau periksa nomor faktur",""
"UOM locked (barcode item)","UOM terkunci (item barcode)",""
"Will apply when eligible","Akan diterapkan saat memenuhi syarat",""
"Write Off","Hapus Buku",""
"You are offline","Anda sedang offline",""
"comm.","kom.",""
"days","hari",""
"items cached","item di-cache",""
"per {0}","per {0}",""
"variant","varian",""
"variants","varian",""
"{0} returns","{0} pengembalian",""
"{0} units available in ""{1}""","{0} unit tersedia di ""{1}""",""
"{0} updated","{0} diperbarui",""
"{0}%","{0}%",""
