"Complete Payment","Concluir Pagamento",""
"optional","opcional",""
"Payment Method","Método de Pagamento",""
"Refund Amount","Valor do Reembolso",""
"Enter amount...","Digite o valor...",""
"Total Amount","Valor Total",""
"Remaining","Pendente",""
"Change","Troco",""
"Paid in Full","Pago Integralmente",""
"Paid Amount","Valor Pago",""
"Paid: {0}","Pago: {0}",""
"Customer Credit Available","Crédito do Cliente Disponível",""
"Customer Outstanding Balance","Saldo Devedor do Cliente",""
"Credit can be applied to invoice","O Crédito pode ser aplicado na fatura",""
"Amount owed by customer","Valor devido pelo cliente",""
"No outstanding balance","Sem saldo devedor",""
"Save","Salvar",""
"Cancel","Cancelar",""
"Submit","Enviar",""
"Delete","Excluir",""
"Edit","Editar",""
"Search","Buscar",""
"Close","Fechar",""
"Confirm","Confirmar",""
"Yes","Sim",""
"No","Não",""
"Loading...","Carregando...",""
"Error","Erro",""
"Success","Sucesso",""
"Warning","Aviso",""
"Information","Informação",""
"Add Item","Adicionar Item",""
"Select Customer","Selecionar Cliente",""
"Create Customer","Cadastrar Cliente",""
"Discount","Desconto",""
"Tax","Imposto",""
"Total","Total",""
"Checkout","Finalizar Venda",""
"Clear Cart","Limpar Carrinho",""
"Hold Invoice","Suspender Fatura",""
"Print Receipt","Imprimir Comprovante",""
"No stock available","Sem estoque disponível",""
"Item added to cart","Item adicionado ao carrinho",""
"Item removed from cart","Item removido do carrinho",""
"Open Shift","Abrir Turno",""
"Close Shift","Fechar Turno",""
"Shift Opening","Abertura do Turno",""
"Shift Closing","Fechamento do Turno",""
"Opening Amount","Valor de Abertura",""
"Closing Amount","Valor de Fechamento",""
"Cash in Hand","Dinheiro em Caixa",""
"Expected Amount","Valor Esperado",""
"Difference","Diferença",""
"Draft Invoices","Faturas Rascunho",""
"Invoice History","Histórico de Faturas",""
"Offline Invoices","Faturas Offline",""
"Return Invoice","Fatura de Devolução",""
"Invoice Number","Número da Fatura",""
"Date","Data",""
"Customer","Cliente",""
"Amount","Valor",""
"Status","Status",""
"Paid","Pago",""
"Unpaid","Não Pago",""
"Partially Paid","Parcialmente Pago",""
"Credit Note Issued","Nota de Crédito Emitida",""
"Cancelled","Cancelada",""
"Draft","Rascunho",""
"Settings","Configurações",""
"General","Geral",""
"Appearance","Aparência",""
"Language","Idioma",""
"Select Language","Selecionar Idioma",""
"Theme","Tema",""
"Notifications","Notificações",""
"Receipt Settings","Configurações de Comprovante",""
"Hardware","Hardware",""
"POS Profile","Perfil do PDV",""
"Network connection error","Erro de conexão de rede",""
"Session expired, please login again","Sessão expirada, faça login novamente",""
"Insufficient stock for {0}","Estoque insuficiente para {0}",""
"Invalid quantity","Quantidade inválida",""
"Please select a customer","Por favor, selecione um cliente",""
"Payment processing failed","Falha no processamento do pagamento",""
"An unexpected error occurred","Ocorreu um erro inesperado",""
"This field is required","Este campo é obrigatório",""
"Minimum length is {0} characters","O tamanho mínimo é de {0} caracteres",""
"Maximum length is {0} characters","O tamanho máximo é de {0} caracteres",""
"Please enter a valid email address","Por favor, insira um endereço de e-mail válido",""
"Please enter a valid phone number","Por favor, insira um número de telefone válido",""
"Please enter a valid number","Por favor, insira um número válido",""
"Value must be positive","O valor deve ser positivo",""
"Customer Credit","Crédito do Cliente",""
"Available Credit","Crédito Disponível",""
"Payment Methods","Métodos de Pagamento",""
"Cash","Dinheiro",""
"Card","Cartão",""
"Wallet","Carteira Digital",""
"Bank Transfer","Transferência Bancária",""
"Item","Item",""
"Items","Itens",""
"Quantity","Quantidade",""
"Price","Preço",""
"Subtotal","Subtotal",""
"Grand Total","Total Geral",""
"Apply","Aplicar",""
"Apply Coupon","Aplicar Cupom",""
"Coupon Code","Código do Cupom",""
"Remove","Remover",""
"Add","Adicionar",""
"Update","Atualizar",""
"Refresh","Atualizar",""
"Reload","Recarregar",""
"Print","Imprimir",""
"Download","Baixar",""
"Upload","Carregar",""
"Import","Importar",""
"Export","Exportar",""
"Filter","Filtrar",""
"Sort","Ordenar",""
"Ascending","Crescente",""
"Descending","Decrescente",""
"All","Todos",""
"None","Nenhum",""
"Select All","Selecionar Todos",""
"Deselect All","Desselecionar Todos",""
"Name","Nome",""
"Email","E-mail",""
"Phone","Telefone",""
"Address","Endereço",""
"City","Cidade",""
"State","Estado",""
"Country","País",""
"Postal Code","CEP",""
"Notes","Observações",""
"Description","Descrição",""
"Category","Categoria",""
"Type","Tipo",""
"Unit","Unidade",""
"Stock","Estoque",""
"Available","Disponível",""
"Out of Stock","Esgotado",""
"Low Stock","Baixo Estoque",""
"In Stock","Em Estoque",""
"Barcode","Código de Barras",""
"SKU","SKU",""
"Image","Imagem",""
"Gallery","Galeria",""
"Product","Produto",""
"Products","Produtos",""
"Service","Serviço",""
"Services","Serviços",""
"Order","Pedido",""
"Orders","Pedidos",""
"Invoice","Fatura",""
"Invoices","Faturas",""
"Payment","Pagamento",""
"Payments","Pagamentos",""
"Receipt","Comprovante",""
"Receipts","Comprovantes",""
"Refund","Reembolso",""
"Refunds","Reembolsos",""
"Return","Devolução",""
"Returns","Devoluções",""
"Exchange","Troca",""
"Exchanges","Trocas",""
"Sale","Venda",""
"Sales","Vendas",""
"Purchase","Compra",""
"Purchases","Compras",""
"Report","Relatório",""
"Reports","Relatórios",""
"Dashboard","Painel",""
"Home","Início",""
"Profile","Perfil",""
"Account","Conta",""
"Logout","Sair",""
"Login","Acessar",""
"Sign In","Entrar",""
"Sign Up","Cadastrar",""
"Register","Registrar",""
"Password","Senha",""
"Username","Nome de Usuário",""
"Remember Me","Lembrar de Mim",""
"Forgot Password?","Esqueceu a Senha?",""
"Reset Password","Redefinir Senha",""
"Change Password","Alterar Senha",""
"Old Password","Senha Antiga",""
"New Password","Nova Senha",""
"Confirm Password","Confirmar Senha",""
"Today","Hoje",""
"Yesterday","Ontem",""
"This Week","Esta Semana",""
"Last Week","Semana Passada",""
"This Month","Este Mês",""
"Last Month","Mês Passado",""
"This Year","Este Ano",""
"Last Year","Ano Passado",""
"Custom Range","Período Personalizado",""
"From","De",""
"To","Até",""
"Start Date","Data de Início",""
"End Date","Data de Fim",""
"Time","Hora",""
"Hour","Hora",""
"Hours","Horas",""
"Minute","Minuto",""
"Minutes","Minutos",""
"Second","Segundo",""
"Seconds","Segundos",""
"Day","Dia",""
"Days","Dias",""
"Week","Semana",""
"Weeks","Semanas",""
"Month","Mês",""
"Months","Meses",""
"Year","Ano",""
"Years","Anos",""
"Are you sure?","Tem certeza?",""
"This action cannot be undone","Esta ação não pode ser desfeita",""
"Confirm Delete","Confirmar Exclusão",""
"Confirm Action","Confirmar Ação",""
"Processing...","Processando...",""
"Please wait...","Por favor, aguarde...",""
"Saving...","Salvando...",""
"Loading data...","Carregando dados...",""
"No data available","Sem dados disponíveis",""
"No results found","Nenhum resultado encontrado",""
"Search results","Resultados da busca",""
"Showing {0} to {1} of {2} entries","Exibindo {0} a {1} de {2} registros",""
"Page","Página",""
"Previous","Anterior",""
"Next","Próximo",""
"First","Primeira",""
"Last","Última",""
"per page","por página",""
"View","Visualizar",""
"View Shift","Visualizar Turno",""
"View Details","Ver Detalhes",""
"Edit Details","Editar Detalhes",""
"Copy","Copiar",""
"Duplicate","Duplicar",""
"Archive","Arquivar",""
"Restore","Restaurar",""
"Move","Mover",""
"Rename","Renomear",""
"Share","Compartilhar",""
"Download PDF","Baixar PDF",""
"Send Email","Enviar E-mail",""
"Print Invoice","Imprimir Fatura",""
"Email Invoice","Enviar Fatura por E-mail",""
"Mark as Paid","Marcar como Pago",""
"Mark as Unpaid","Marcar como Não Pago",""
"Payment Received","Pagamento Recebido",""
"Payment Pending","Pagamento Pendente",""
"Payment Failed","Pagamento Falhou",""
"Completed","Concluído",""
"Pending","Pendente",""
"Processing","Em Processamento",""
"Cancelled","Cancelado",""
"Refunded","Reembolsado",""
"Draft","Rascunho",""
"Submitted","Enviado",""
"Approved","Aprovado",""
"Rejected","Rejeitado",""
"Active","Ativo",""
"Inactive","Inativo",""
"Enabled","Habilitado",""
"Disabled","Desabilitado",""
"Online","Online",""
"Offline","Offline",""
"Connected","Conectado",""
"Disconnected","Desconectado",""
"Synced","Sincronizado",""
"Not Synced","Não Sincronizado",""
"Syncing...","Sincronizando...",""
"Last Sync","Última Sincronização",""
"Sync Now","Sincronizar Agora",""
"Auto Sync","Sincronização Automática",""
"Manual Sync","Sincronização Manual",""
"Clear Cache","Limpar Cache",""
"Reset Settings","Redefinir Configurações",""
"Restore Defaults","Restaurar Padrões",""
"About","Sobre",""
"Help","Ajuda",""
"Support","Suporte",""
"Documentation","Documentação",""
"Version","Versão",""
"License","Licença",""
"Privacy Policy","Política de Privacidade",""
"Terms of Service","Termos de Serviço",""
"Contact Us","Fale Conosco",""
"Feedback","Feedback",""
"Rate Us","Avalie-nos",""
"More","Mais",""
"Less","Menos",""
"Show More","Mostrar Mais",""
"Show Less","Mostrar Menos",""
"Expand","Expandir",""
"Collapse","Recolher",""
"Full Screen","Tela Cheia",""
"Exit Full Screen","Sair da Tela Cheia",""
"Shift Open:","Turno Aberto:",""
"Offline ({0} pending)","Offline ({0} pendente)",""
"Online - Click to sync","Online - Clique para sincronizar",""
"Offline mode active","Modo offline ativo",""
"Online mode active","Modo online ativo",""
"Cache","Cache",""
"Items:","Itens:",""
"Last Sync:","Última Sincronização:",""
"Status:","Status:",""
"Auto-Sync:","Sincronização Automática:",""
"Refreshing...","Atualizando...",""
"Refresh Items","Atualizar Itens",""
"Refreshing items...","Atualizando itens...",""
"Refresh items list","Atualizar lista de itens",""
"Empty","Vazio",""
"Syncing","Sincronizando",""
"Ready","Pronto",""
"Never","Nunca",""
"Cache empty","Cache vazio",""
"Cache syncing","Cache sincronizando",""
"Cache ready","Cache pronto",""
"Access your point of sale system","Acesse seu sistema de ponto de venda",""
"Your cart is empty","Seu carrinho está vazio",""
"Cart Items","Itens do Carrinho",""
"Clear","Limpar",""
"Last 7 Days","Últimos 7 Dias",""
"Last 30 Days","Últimos 30 Dias",""
"All Status","Todos os Status",""
"Partly Paid","Parcialmente Pago",""
"Overdue","Vencido",""
"Negative Stock","Estoque Negativo",""
"Cart","Carrinho",""
"Welcome to POS Next","Bem-vindo(a) ao POS Next",""
"Please open a shift to start making sales","Por favor, abra um turno para começar a fazer vendas",""
"Clear Cart?","Limpar Carrinho?",""
"Remove all {0} items from cart?","Remover todos os {0} itens do carrinho?",""
"Clear All","Limpar Tudo",""
"Sign Out Confirmation","Confirmação de Saída",""
"Your Shift is Still Open!","Seu Turno Ainda Está Aberto!",""
"Close your shift first to save all transactions properly","Feche seu turno primeiro para salvar todas as transações corretamente",""
"Close Shift & Sign Out","Fechar Turno e Sair",""
"Skip & Sign Out","Ignorar e Sair",""
"Sign Out?","Sair?",""
"You will be logged out of POS Next","Você será desconectado(a) do POS Next",""
"Sign Out","Sair",""
"Signing Out...","Saindo...",""
"Invoice Created Successfully","Fatura Criada com Sucesso",""
"Invoice {0} created successfully!","Fatura {0} criada com sucesso!",""
"Total: {0}","Total: {0}",""
"An unexpected error occurred.","Ocorreu um erro inesperado.",""
"Delete Invoice","Excluir Fatura",""
"Try Again","Tentar Novamente",""
"Tax mode updated. Cart recalculated with new tax settings.","Modo de imposto atualizado. Carrinho recalculado com as novas configurações de imposto.",""
"Discount settings changed. Cart recalculated.","Configurações de desconto alteradas. Carrinho recalculado.",""
"Prices are now tax-inclusive. This will apply to new items added to cart.","Os preços agora incluem impostos. Isso será aplicado a novos itens adicionados ao carrinho.",""
"Prices are now tax-exclusive. This will apply to new items added to cart.","Os preços agora não incluem impostos (tax-exclusive). Isso será aplicado a novos itens adicionados ao carrinho.",""
"Negative stock sales are now allowed","Vendas com estoque negativo agora são permitidas",""
"Negative stock sales are now restricted","Vendas com estoque negativo agora são restritas",""
"Credit Sale","Venda a Crédito",""
"Write Off Change","Baixa de Troco",""
"Partial Payment","Pagamento Parcial",""
"Silent Print","Impressão Silenciosa",""
"{0} settings applied immediately","Configurações de {0} aplicadas imediatamente",""
"You can now start making sales","Você já pode começar a fazer vendas",""
"Shift closed successfully","Turno fechado com sucesso",""
"Insufficient Stock","Estoque Insuficiente",""
"Item: {0}","Item: {0}",""
"""{0}"" cannot be added to cart. Bundle is out of stock. Allow Negative Stock is disabled.","""{0}"" não pode ser adicionado ao carrinho. O pacote está esgotado. Estoque Negativo Permitido está desabilitado.",""
"""{0}"" cannot be added to cart. Item is out of stock. Allow Negative Stock is disabled.","""{0}"" não pode ser adicionado ao carrinho. O item está esgotado. Estoque Negativo Permitido está desabilitado.",""
"{0} selected","{0} selecionado(s)",""
"Please add items to cart before proceeding to payment","Por favor, adicione itens ao carrinho antes de prosseguir para o pagamento",""
"Please select a customer before proceeding","Por favor, selecione um cliente antes de prosseguir",""
"Invoice saved offline. Will sync when online","Fatura salva offline. Será sincronizada quando estiver online",""
"Unknown","Desconhecido",""
"Invoice {0} created and sent to printer","Fatura {0} criada e enviada para a impressora",""
"Invoice {0} created but print failed","Fatura {0} criada, mas a impressão falhou",""
"Invoice {0} created successfully","Fatura {0} criada com sucesso",""
"All items removed from cart","Todos os itens removidos do carrinho",""
"{0} added to cart","{0} adicionado(s) ao carrinho",""
"{0} ({1}) added to cart","{0} ({1}) adicionado(s) ao carrinho",""
"Failed to process selection. Please try again.","Falha ao processar a seleção. Por favor, tente novamente.",""
"Return invoice {0} created successfully","Fatura de devolução {0} criada com sucesso",""
"Creating return for invoice {0}","Criando devolução para a fatura {0}",""
"{0} created and selected","{0} criado e selecionado",""
"All cached data has been cleared successfully","Todos os dados em cache foram limpos com sucesso",""
"Failed to clear cache. Please try again.","Falha ao limpar o cache. Por favor, tente novamente.",""
"Your point of sale system is ready to use.","Seu sistema de ponto de venda está pronto para uso.",""
"Shift Status","Status do Turno",""
"Shift is Open","O Turno Está Aberto",""
"<strong>POS Profile:<strong> {0}","<strong>Perfil PDV:<strong> {0}",""
"<strong>Company:<strong>","<strong>Empresa:<strong>",""
"<strong>Opened:<strong>","<strong>Aberto:<strong>",""
"Start Sale","Iniciar Venda",""
"No Active Shift","Nenhum Turno Ativo",""
"You need to open a shift before you can start making sales.","Você precisa abrir um turno antes de poder começar a fazer vendas.",""
"System Test","Teste do Sistema",""
"Test Connection","Testar Conexão",""
"✓ Connection successful: {0}","✓ Conexão bem-sucedida: {0}",""
"✗ Connection failed: {0}","✗ Conexão falhou: {0}",""
"Confirm Sign Out","Confirmar Saída",""
"Active Shift Detected","Turno Ativo Detectado",""
"You have an active shift open. Would you like to:","Você tem um turno ativo aberto. Gostaria de:",""
"Are you sure you want to sign out of POS Next?","Tem certeza de que deseja sair do POS Next?",""
"Sign Out Only","Apenas Sair",""
"TAX INVOICE","FATURA DE IMPOSTOS",""
"Invoice #:","Fatura #:",""
"Date:","Data:",""
"Customer:","Cliente:",""
"Status:","Status:",""
"PARTIAL PAYMENT","PAGAMENTO PARCIAL",""
"(FREE)","(GRÁTIS)",""
"Subtotal:","Subtotal:",""
"Tax:","Imposto:",""
"TOTAL:","TOTAL:",""
"Total Paid:","Total Pago:",""
"Change:","Troco:",""
"BALANCE DUE:","SALDO DEVEDOR:",""
"Thank you for your business!","Obrigado(a) pela preferência!",""
"Invoice - {0}","Fatura - {0}",""
"Offline invoice deleted successfully","Fatura offline excluída com sucesso",""
"Failed to delete offline invoice","Falha ao excluir fatura offline",""
"Cannot sync while offline","Não é possível sincronizar estando offline",""
"{0} invoice(s) synced successfully","{0} fatura(s) sincronizada(s) com sucesso",""
"Loading customers for offline use...","Carregando clientes para uso offline...",""
"Data is ready for offline use","Dados prontos para uso offline",""
"Some data may not be available offline","Alguns dados podem não estar disponíveis offline",""
"POS is offline without cached data. Please connect to sync.","O PDV está offline sem dados em cache. Por favor, conecte-se para sincronizar.",""
"{0} applied successfully","{0} aplicado com sucesso",""
"Discount has been removed from cart","Desconto foi removido do carrinho",""
"Add items to the cart before applying an offer.","Adicione itens ao carrinho antes de aplicar uma oferta.",""
"Your cart doesn't meet the requirements for this offer.","Seu carrinho não atende aos requisitos desta oferta.",""
"Failed to apply offer. Please try again.","Falha ao aplicar oferta. Por favor, tente novamente.",""
"Offer has been removed from cart","Oferta foi removida do carrinho",""
"Failed to update cart after removing offer.","Falha ao atualizar o carrinho após remover a oferta.",""
"Unit changed to {0}","Unidade alterada para {0}",""
"Failed to update UOM. Please try again.","Falha ao atualizar a UDM. Por favor, tente novamente.",""
"{0} updated successfully","{0} atualizado com sucesso",""
"Failed to update item. Please try again.","Falha ao atualizar item. Por favor, tente novamente.",""
"{0}h {1}m {2}s","{0}h {1}m {2}s",""
"Sync Complete","Sincronização Concluída",""
"Search by phone: {0}","Buscar por telefone: {0}",""
"Search by email: {0}","Buscar por e-mail: {0}",""
"Create new customer: {0}","Criar novo cliente: {0}",""
"From {0}","De {0}",""
"Until {0}","Até {0}",""
"Validation Error","Erro de Validação",""
"Permission Denied","Permissão Negada",""
"Not Found","Não Encontrado",""
"Server Error","Erro do Servidor",""
"Not enough stock available in the warehouse.\n\nPlease reduce the quantity or check stock availability.","Estoque insuficiente disponível no depósito.\n\nPor favor, reduza a quantidade ou verifique a disponibilidade de estoque.",""
"Pricing Error","Erro de Preço",""
"Customer Error","Erro do Cliente",""
"Tax Configuration Error","Erro de Configuração de Imposto",""
"Payment Error","Erro de Pagamento",""
"Naming Series Error","Erro na Série de Nomenclatura",""
"Connection Error","Erro de Conexão",""
"Unable to connect to server. Check your internet connection.","Não foi possível conectar ao servidor. Verifique sua conexão com a internet.",""
"Duplicate Entry","Entrada Duplicada",""
"Error Report - POS Next","Relatório de Erro - POS Next",""
"Title: {0}","Título: {0}",""
"Type: {0}","Tipo: {0}",""
"Message: {0}","Mensagem: {0}",""
"Technical: {0}","Técnico: {0}",""
"Timestamp: {0}","Data e Hora: {0}",""
"User: {0}","Usuário: {0}",""
"POS Profile: {0}","Perfil PDV: {0}",""
"Partial Payments","Pagamentos Parciais",""
"Manage invoices with pending payments","Gerenciar faturas com pagamentos pendentes",""
"{0} invoice - {1} outstanding","{0} fatura - {1} pendente",""
"{0} invoices - {1} outstanding","{0} faturas - {1} pendente",""
"Loading invoices...","Carregando faturas...",""
"No Partial Payments","Nenhum Pagamento Parcial",""
"All invoices are either fully paid or unpaid","Todas as faturas estão totalmente pagas ou não pagas",""
"Add Payment","Adicionar Pagamento",""
"Payment History","Histórico de Pagamentos",""
"Failed to load partial payments","Falha ao carregar pagamentos parciais",""
"Payment added successfully","Pagamento adicionado com sucesso",""
"Failed to add payment","Falha ao adicionar pagamento",""
"Open POS Shift","Abrir Turno PDV",""
"Select POS Profile","Selecionar Perfil PDV",""
"No POS Profiles available. Please contact your administrator.","Nenhum Perfil PDV disponível. Por favor, contate seu administrador.",""
"Change Profile","Alterar Perfil",""
"Opening Balance (Optional)","Saldo de Abertura (Opcional)",""
"No payment methods configured for this POS Profile","Nenhum método de pagamento configurado para este Perfil PDV",""
"Existing Shift Found","Turno Existente Encontrado",""
"You have an open shift. Would you like to resume it or close it and open a new one?","Você tem um turno aberto. Gostaria de retomá-lo ou fechá-lo e abrir um novo?",""
"<strong>POS Profile:</strong> {0}","<strong>Perfil PDV:</strong> {0}",""
"<strong>Opened:</strong> {0}","<strong>Aberto:</strong> {0}",""
"Resume Shift","Retomar Turno",""
"Close & Open New","Fechar e Abrir Novo",""
"Back","Voltar",""
"At least {0} items required","Pelo menos {0} itens necessários",""
"Maximum {0} items allowed for this offer","Máximo de {0} itens permitido para esta oferta",""
"Minimum cart value of {0} required","Valor mínimo do carrinho de {0} necessário",""
"Maximum cart value exceeded ({0})","Valor máximo do carrinho excedido ({0})",""
"Cart does not contain eligible items for this offer","O carrinho não contém itens elegíveis para esta oferta",""
"Cart does not contain items from eligible groups","O carrinho não contém itens de grupos elegíveis",""
"Cannot save an empty cart as draft","Não é possível salvar um carrinho vazio como rascunho",""
"Invoice saved as draft successfully","Fatura salva como rascunho com sucesso",""
"Failed to save draft","Falha ao salvar rascunho",""
"Draft invoice loaded successfully","Fatura rascunho carregada com sucesso",""
"Failed to load draft","Falha ao carregar rascunho",""
"Close POS Shift","Fechar Turno PDV",""
"Loading shift data...","Carregando dados do turno...",""
"Calculating totals and reconciliation...","Calculando totais e conciliação...",""
"Duration","Duração",""
"Total Sales","Vendas Totais",""
"{0} invoices","{0} faturas",""
"Net Amount","Valor Líquido",""
"Before tax","Antes do imposto",""
"Items Sold","Itens Vendidos",""
"Total items","Total de itens",""
"Tax Collected","Imposto Arrecadado",""
"Total tax","Total de imposto",""
"No Sales During This Shift","Nenhuma Venda Durante Este Turno",""
"No invoices were created. Closing amounts should match opening amounts.","Nenhuma fatura foi criada. Os valores de fechamento devem corresponder aos valores de abertura.",""
"Invoice Details","Detalhes da Fatura",""
"{0} transactions • {1}","{0} transações • {1}",""
"N/A","N/D",""
"Total:","Total:",""
"Payment Reconciliation","Conciliação de Pagamento",""
"✓ Shift Closed","✓ Turno Fechado",""
"Total Variance","Variação Total",""
"Enter actual amount for {0}","Insira o valor real para {0}",""
"Expected: <span class=""font-medium"">{0}</span>","Esperado: <span class=""font-medium"">{0}</span>",""
"✓ Balanced","✓ Balanceado",""
"Over {0}","Sobra de {0}",""
"Short {0}","Falta de {0}",""
"Opening","Abertura",""
"Shift start","Início do turno",""
"Expected","Esperado",""
"No sales","Sem vendas",""
"Actual Amount *","Valor Real *",""
"Final Amount","Valor Final",""
"Count & enter","Contar e inserir",""
"Cash Over","Sobra de Caixa",""
"Cash Short","Falta de Caixa",""
"You have more than expected.","Você tem mais do que o esperado.",""
"You have less than expected.","Você tem menos do que o esperado.",""
"Total Expected","Total Esperado",""
"Total Actual","Total Real",""
"Net Variance","Variação Líquida",""
"Tax Summary","Resumo de Impostos",""
"Total Tax Collected","Total de Imposto Arrecadado",""
"Error Closing Shift","Erro ao Fechar o Turno",""
"Dismiss","Dispensar",""
"Failed to Load Shift Data","Falha ao Carregar Dados do Turno",""
"Please enter all closing amounts","Por favor, insira todos os valores de fechamento",""
"✓ Shift closed successfully","✓ Turno fechado com sucesso",""
"Closing Shift...","Fechando Turno...",""
"{0}h {1}m","{0}h {1}m",""
"{0}m","{0}m",""
"-- Select --","-- Selecionar --",""
"Select Customer","Selecionar Cliente",""
"Search and select a customer for the transaction","Busque e selecione um cliente para a transação",""
"Search customers by name, mobile, or email...","Buscar clientes por nome, celular ou e-mail...",""
"Search customers","Buscar clientes",""
"⭐ Recent & Frequent","⭐ Recentes e Frequentes",""
"{0} of {1} customers","{0} de {1} clientes",""
"• Use ↑↓ to navigate, Enter to select","• Use ↑↓ para navegar, Enter para selecionar",""
"Loading customers...","Carregando clientes...",""
"No customers available","Nenhum cliente disponível",""
"Create your first customer to get started","Crie seu primeiro cliente para começar",""
"No results for ""{0}""","Nenhum resultado para ""{0}""",""
"Try a different search term or create a new customer","Tente um termo de busca diferente ou crie um novo cliente",""
"+ Create New Customer","+ Criar Novo Cliente",""
"All Items","Todos os Itens",""
"Syncing catalog in background... {0} items cached","Sincronizando catálogo em segundo plano... {0} itens em cache",""
"Search items","Buscar itens",""
"Barcode Scanner: ON (Click to disable)","Leitor de Código de Barras: LIGADO (Clique para desabilitar)",""
"Barcode Scanner: OFF (Click to enable)","Leitor de Código de Barras: DESLIGADO (Clique para habilitar)",""
"Disable barcode scanner","Desabilitar leitor de código de barras",""
"Enable barcode scanner","Habilitar leitor de código de barras",""
"Auto-Add: ON - Press Enter to add items to cart","Adição Automática: LIGADA - Pressione Enter para adicionar itens ao carrinho",""
"Auto-Add: OFF - Click to enable automatic cart addition on Enter","Adição Automática: DESLIGADA - Clique para habilitar adição automática ao carrinho no Enter",""
"Disable auto-add","Desabilitar adição automática",""
"Enable auto-add","Habilitar adição automática",""
"Auto","Auto",""
"Grid View","Visualização em Grade",""
"Switch to grid view","Mudar para visualização em grade",""
"List View","Visualização em Lista",""
"Switch to list view","Mudar para visualização em lista",""
"Sorted by {0} A-Z","Ordenado por {0} A-Z",""
"Sorted by {0} Z-A","Ordenado por {0} Z-A",""
"Sort items","Ordenar itens",""
"Sort Items","Ordenar Itens",""
"No Sorting","Sem Ordenação",""
"Loading items...","Carregando itens...",""
"No results for {0} in {1}","Nenhum resultado para {0} em {1}",""
"No results in {0}","Nenhum resultado em {0}",""
"No results for {0}","Nenhum resultado para {0}",""
"No items available","Nenhum item disponível",""
"{0}: {1} {2}","{0}: {1} {2}",""
"Nos","N°s",""
"Check availability in other warehouses","Verificar disponibilidade em outros depósitos",""
"Check Availability in All Wherehouses","Verificar Disponibilidade em Todos os Depósitos",""
"Selected","Selecionado",""
"Check warehouse availability","Verificar disponibilidade no depósito",""
"Loading more items...","Carregando mais itens...",""
"All items loaded","Todos os itens carregados",""
"{0} items found","{0} itens encontrados",""
"{0} - {1} of {2}","{0} - {1} de {2}",""
"Go to first page","Ir para primeira página",""
"Go to previous page","Ir para página anterior",""
"Go to page {0}","Ir para página {0}",""
"Go to next page","Ir para próxima página",""
"Go to last page","Ir para última página",""
"Code","Código",""
"Rate","Preço Unitário",""
"Qty","Quantidade",""
"UOM","UDM",""
"{0}: {1} Bundles","{0}: {1} Pacotes",""
"Auto-Add ON - Type or scan barcode","Adição Automática LIGADA - Digite ou escaneie o código de barras",""
"Scanner ON - Enable Auto for automatic addition","Leitor LIGADO - Habilite o Auto para adição automática",""
"Search by item code, name or scan barcode","Buscar por código, nome do item ou escanear código de barras",""
"Item Not Found: No item found with barcode: {0}","Item Não Encontrado: Nenhum item encontrado com código de barras: {0}",""
"Multiple Items Found: {0} items match barcode. Please refine search.","Múltiplos Itens Encontrados: {0} itens correspondem ao código. Por favor, refine a busca.",""
"Multiple Items Found: {0} items match. Please select one.","Múltiplos Itens Encontrados: {0} itens correspondem. Por favor, selecione um.",""
"Loading invoice details...","Carregando detalhes da fatura...",""
"Return Against:","Devolução Contra:",""
"Grand Total","Total Geral",""
"Taxes:","Impostos:",""
"Net Total:","Total Líquido:",""
"Discount:","Desconto:",""
"Grand Total:","Total Geral:",""
"Paid Amount:","Valor Pago:",""
"Outstanding:","Pendente:",""
"Remarks","Observações",""
"Failed to load invoice details","Falha ao carregar detalhes da fatura",""
"Warehouse Availability","Disponibilidade no Depósito",""
"Close dialog","Fechar diálogo",""
"Checking warehouse availability...","Verificando disponibilidade no depósito...",""
"Actual Stock:","Estoque Atual:",""
"This item is out of stock in all warehouses","Este item está esgotado em todos os depósitos",""
"Total Available:","Total Disponível:",""
"across 1 warehouse","em 1 depósito",""
"across {0} warehouses","em {0} depósitos",""
"Have a coupon code?","Tem um código de cupom?",""
"Enter your promotional or gift card code below","Insira seu código promocional ou de cartão-presente abaixo",""
"ENTER-CODE-HERE","INSIRA-O-CÓDIGO-AQUI",""
"Code is case-insensitive","O código não diferencia maiúsculas/minúsculas",""
"My Gift Cards ({0})","Meus Cartões-Presente ({0})",""
"Coupon Applied Successfully!","Cupom Aplicado com Sucesso!",""
"Discount Amount","Valor do Desconto",""
"Please enter a coupon code","Por favor, insira um código de cupom",""
"The coupon code you entered is not valid","O código de cupom inserido não é válido",""
"This coupon requires a minimum purchase of","Este cupom requer uma compra mínima de",""
"Failed to apply coupon. Please try again.","Falha ao aplicar cupom. Por favor, tente novamente.",""
"Discount has been removed","Desconto foi removido",""
"Search countries...","Buscar países...",""
"No countries found","Nenhum país encontrado",""
"Create New Customer","Criar Novo Cliente",""
"Customer Name","Nome do Cliente",""
"Enter customer name","Insira o nome do cliente",""
"Mobile Number","Número de Celular",""
"Search country or code...","Buscar país ou código...",""
"Enter phone number","Insira o número de telefone",""
"Enter email address","Insira o endereço de e-mail",""
"Customer Group","Grupo de Clientes",""
"Select Customer Group","Selecionar Grupo de Clientes",""
"Territory","Território",""
"Select Territory","Selecionar Território",""
"Permission Required","Permissão Necessária",""
"You don't have permission to create customers. Contact your administrator.","Você não tem permissão para criar clientes. Contate seu administrador.",""
"Individual","Individual",""
"All Territories","Todos os Territórios",""
"Customer {0} created successfully","Cliente {0} criado com sucesso",""
"Failed to create customer","Falha ao criar cliente",""
"Customer Name is required","O Nome do Cliente é obrigatório",""
"Promotion & Coupon Management","Gerenciamento de Promoções e Cupons",""
"Manage promotional schemes and coupons","Gerenciar esquemas promocionais e cupons",""
"Promotional Schemes","Esquemas Promocionais",""
"Coupons","Cupons",""
"Search promotions...","Buscar promoções...",""
"Active Only","Somente Ativas",""
"Expired Only","Somente Expiradas",""
"Not Started","Não Iniciadas",""
"Disabled Only","Somente Desabilitadas",""
"Create New Promotion","Criar Nova Promoção",""
"Create permission required","Permissão de criação necessária",""
"No promotions found","Nenhuma promoção encontrada",""
"Rule","Regra",""
"Scheme","Esquema",""
"{0} items","{0} itens",""
"No expiry","Sem validade",""
"Select a Promotion","Selecionar uma Promoção",""
"Choose a promotion from the list to view and edit, or create a new one to get started","Escolha uma promoção da lista para visualizar e editar, ou crie uma nova para começar",""
"You don't have permission to create promotions","Você não tem permissão para criar promoções",""
"Create New Promotion","Criar Nova Promoção",""
"Edit Promotion","Editar Promoção",""
"Pricing Rule","Regra de Preço",""
"Promotional Scheme","Esquema Promocional",""
"Fill in the details to create a new promotional scheme","Preencha os detalhes para criar um novo esquema promocional",""
"View pricing rule details (read-only)","Visualizar detalhes da regra de preço (somente leitura)",""
"Update the promotion details below","Atualize os detalhes da promoção abaixo",""
"Read-only: Edit in ERPNext","Somente leitura: Edite no ERPNext",""
"Enable","Habilitar",""
"Basic Information","Informações Básicas",""
"Promotion Name","Nome da Promoção",""
"e.g., Summer Sale 2025","Ex: Nova Promoção de Data Comemorativa",""
"Valid From","Válido A Partir De",""
"Valid Until","Válido Até",""
"Apply On","Aplicar Em",""
"Specific Items","Itens Específicos",""
"Item Groups","Grupos de Itens",""
"Brands","Marcas",""
"Entire Transaction","Transação Completa",""
"Select {0}","Selecionar {0}",""
"Required","Obrigatório",""
"Search items... (min 2 characters)","Buscar itens... (mín. 2 caracteres)",""
"Searching from {0} cached items","Buscando em {0} itens em cache",""
"Select Item Group","Selecione Grupo de Itens",""
"Select Brand","Selecione Marca",""
"Select Item","Selecione Item",""
"Select option","Selecione uma opção",""
"Search by name or code...","Buscar por nome ou código...",""
"No items found","Nenhum item encontrado",""
"Discount Details","Detalhes do Desconto",""
"Discount Type","Tipo de Desconto",""
"Discount (%)","Desconto (%)",""
"discount ({0})","desconto ({0})",""
"Free Item","Item Grátis",""
"Search item... (min 2 characters)","Buscar item... (mín. 2 caracteres)",""
"Free Quantity","Quantidade Grátis",""
"Minimum Quantity","Quantidade Mínima",""
"Maximum Quantity","Quantidade Máxima",""
"Minimum Amount ({0})","Valor Mínimo ({0})",""
"Maximum Amount ({0})","Valor Máximo ({0})",""
"Delete Promotion","Excluir Promoção",""
"Are you sure you want to delete <strong>""{0}""<strong>?","Tem certeza de que deseja excluir <strong>""{0}""<strong>?",""
"This will also delete all associated pricing rules. This action cannot be undone.","Isso também excluirá todas as regras de preço associadas. Esta ação não pode ser desfeita.",""
"Percentage","Porcentagem",""
"Fixed Amount","Valor Fixo",""
"Failed to load item groups","Falha ao carregar grupos de itens",""
"Failed to load brands","Falha ao carregar marcas",""
"Promotion created successfully","Promoção criada com sucesso",""
"Failed to create promotion","Falha ao criar promoção",""
"Promotion updated successfully","Promoção atualizada com sucesso",""
"Failed to update promotion","Falha ao atualizar promoção",""
"Promotion status updated successfully","Status da promoção atualizado com sucesso",""
"Failed to update promotion status","Falha ao atualizar status da promoção",""
"Promotion deleted successfully","Promoção excluída com sucesso",""
"Failed to delete promotion","Falha ao excluir promoção",""
"Failed to load promotion details","Falha ao carregar detalhes da promoção",""
"An error occurred","Ocorreu um erro",""
"Please enter a promotion name","Por favor, insira um nome para a promoção",""
"Promotion ""{0}"" already exists. Please use a different name.","A Promoção ""{0}"" já existe. Por favor, use um nome diferente.",""
"Please select at least one {0}","Por favor, selecione pelo menos um {0}",""
"Partially Paid ({0})","Parcialmente Pago ({0})",""
"Unpaid ({0})","Não Pago ({0})",""
"Overdue ({0})","Vencido ({0})",""
"Outstanding Payments","Pagamentos Pendentes",""
"{0} paid","{0} pago(s)",""
"No Unpaid Invoices","Nenhuma Fatura Não Paga",""
"All invoices are fully paid","Todas as faturas estão totalmente pagas",""
"No invoices found","Nenhuma fatura encontrada",""
"Date & Time","Data e Hora",""
"Paid Amount","Valor Pago",""
"No draft invoices","Nenhuma fatura rascunho",""
"Save invoices as drafts to continue later","Salve faturas como rascunho para continuar depois",""
"Customer: {0}","Cliente: {0}",""
"Delete draft","Excluir rascunho",""
"{0} item(s)","{0} item(s)",""
"+{0} more","+{0} mais",""
"No return invoices","Nenhuma fatura de devolução",""
"Return invoices will appear here","Faturas de devolução aparecerão aqui",""
"Against: {0}","Contra: {0}",""
"Drafts","Rascunhos",""
"Failed to load unpaid invoices","Falha ao carregar faturas não pagas",""
"Select Batch Numbers","Selecionar Números de Lote",""
"Select Serial Numbers","Selecionar Números de Série",""
"Select Batch Number","Selecionar Número de Lote",""
"Qty: {0}","Qtd: {0}",""
"Exp: {0}","Venc: {0}",""
"Select Serial Numbers ({0}/{1})","Selecionar Números de Série ({0}/{1})",""
"Warehouse: {0}","Depósito: {0}",""
"Or enter serial numbers manually (one per line)","Ou insira números de série manualmente (um por linha)",""
"Enter serial numbers...","Insira números de série...",""
"Change language: {0}","Mudar idioma: {0}",""
"<strong>{0}</strong> of <strong>{1}</strong> invoice(s)","<strong>{0}</strong> de <strong>{1}</strong> fatura(s)",""
"Clear all","Limpar tudo",""
"From Date","Data Inicial",""
"To Date","Data Final",""
"Save these filters as...","Salvar estes filtros como...",""
"Saved Filters","Filtros Salvos",""
"Partial","Parcial",""
"Delete ""{0}""?","Excluir ""{0}""?",""
"Install POSNext","Instalar POSNext",""
"Faster access and offline support","Acesso mais rápido e suporte offline",""
"Snooze for 7 days","Adiar por 7 dias",""
"Install","Instalar",""
"Close (shows again next session)","Fechar (mostra novamente na próxima sessão)",""
"Searching...","Buscando...",""
"No options available","Nenhuma opção disponível",""
"Clear selection","Limpar seleção",""
"Load more ({0} remaining)","Carregar mais ({0} restante)",""
"Search...","Buscar...",""
"Search coupons...","Buscar cupons...",""
"Expired","Expirado",""
"Exhausted","Esgotado",""
"All Types","Todos os Tipos",""
"POS Next","POS Next",""
"View items","Visualizar itens",""
"View cart","Visualizar carrinho",""
"View cart with {0} items","Visualizar carrinho com {0} itens",""
"Hr","H",""
"Min","Min",""
"Sec","Seg",""
"{0} paid of {1}","{0} pago de {1}",""
"Outstanding","Pendente",""
"Sales Persons","Vendedores",""
"Sales Person","Vendedor",""
"1 selected","1 selecionado",""
"Selected:","Selecionado:",""
"Total: {0}% (should be 100%)","Total: {0}% (deve ser 100%)",""
"Commission: {0}%","Comissão: {0}%",""
"Search to add sales persons","Buscar para adicionar vendedores",""
"Loading sales persons...","Carregando vendedores...",""
"No sales persons found","Nenhum vendedor encontrado",""
"Additional Discount","Desconto Adicional",""
"% Percent","% Porcentagem",""
"{0} Amount","Valor {0}",""
"Select payment method to add","Selecione o método de pagamento para adicionar",""
"Added","Adicionado",""
"Quick amounts for {0}","Valores rápidos para {0}",""
"Custom amount","Valor personalizado",""
"Payment Breakdown","Detalhamento do Pagamento",""
"Apply Credit","Aplicar Crédito",""
"Pay on Account","Pagar na Conta (a Prazo)",""
"Maximum allowed discount is {0}%","O desconto máximo permitido é {0}%",""
"Maximum allowed discount is {0}% ({1} {2})","O desconto máximo permitido é {0}% ({1} {2})",""
"Create new customer","Criar novo cliente",""
"Remove customer","Remover cliente",""
"Search or add customer...","Buscar ou adicionar cliente...",""
"Search customer in cart","Buscar cliente no carrinho",""
"Select items to start or choose a quick action","Selecione itens para começar ou escolha uma ação rápida",""
"View current shift details","Visualizar detalhes do turno atual",""
"View draft invoices","Visualizar faturas rascunho",""
"View invoice history","Visualizar histórico de faturas",""
"Process return invoice","Processar fatura de devolução",""
"Close current shift","Fechar turno atual",""
"{0} free item(s) included","{0} item(s) grátis incluído(s)",""
"+{0} FREE","+{0} GRÁTIS",""
"Remove {0}","Remover {0}",""
"Remove item","Remover item",""
"Decrease quantity","Diminuir quantidade",""
"Increase quantity","Aumentar quantidade",""
"Click to change unit","Clique para alterar a unidade",""
"Only one unit available","Apenas uma unidade disponível",""
"Total Quantity","Quantidade Total",""
"Proceed to payment","Prosseguir para pagamento",""
"Hold order as draft","Suspender pedido como rascunho",""
"Hold","Suspender",""
"Offers","Ofertas",""
"Coupon","Cupom",""
"Edit Item Details","Editar Detalhes do Item",""
"Edit item quantity, UOM, warehouse, and discount","Editar quantidade, UDM, depósito e desconto do item",""
"Default","Padrão",""
"Item Discount","Desconto do Item",""
"Percentage (%)","Porcentagem (%)",""
"Checking Stock...","Verificando Estoque...",""
"No Stock Available","Sem Estoque Disponível",""
"Update Item","Atualizar Item",""
"""{0}"" is not available in warehouse ""{1}"". Please select another warehouse.","""{0}"" não está disponível no depósito ""{1}"". Por favor, selecione outro depósito.",""
"Only {0} units of ""{1}"" available in ""{2}"". Current quantity: {3}","Apenas {0} unidades de ""{1}"" disponíveis em ""{2}"". Quantidade atual: {3}",""
"{0} units available in ""{1}""","{0} unidades disponíveis em ""{1}""",""
"Available Offers","Ofertas Disponíveis",""
"Loading offers...","Carregando ofertas...",""
"Applying offer...","Aplicando oferta...",""
"No offers available","Nenhuma oferta disponível",""
"Add items to your cart to see eligible offers","Adicione itens ao seu carrinho para ver as ofertas elegíveis",""
"APPLIED","APLICADO",""
"PRICING RULE","REGRA DE PREÇO",""
"PROMO SCHEME","ESQUEMA PROMOCIONAL",""
"{0}% OFF","{0}% DESCONTO",""
"{0} OFF","{0} DESCONTO",""
"Special Offer","Oferta Especial",""
"+ Free Item","+ Item Grátis",""
"Min Purchase","Compra Mínima",""
"Min Quantity","Quantidade Mínima",""
"Subtotal (before tax)","Subtotal (antes do imposto)",""
"Add {0} more to unlock","Adicione mais {0} para desbloquear",""
"Remove Offer","Remover Oferta",""
"Apply Offer","Aplicar Oferta",""
"Create Return Invoice","Criar Fatura de Devolução",""
"Select Invoice to Return","Selecionar Fatura para Devolução",""
"Search by invoice number or customer name...","Buscar por número da fatura ou nome do cliente...",""
"Search by invoice number or customer...","Buscar por número da fatura ou cliente...",""
"Process Return","Processar Devolução",""
"Select Items to Return","Selecionar Itens para Devolução",""
"⚠️ {0} already returned","⚠️ {0} já devolvido(s)",""
"Return Qty:","Qtd. Devolução:",""
"of {0}","de {0}",""
"No items available for return","Nenhum item disponível para devolução",""
"Refund Payment Methods","Métodos de Pagamento de Reembolso",""
"+ Add Payment","+ Adicionar Pagamento",""
"Select method...","Selecionar método...",""
"Select payment method...","Selecionar método de pagamento...",""
"Total Refund:","Total do Reembolso:",""
"Payment Total:","Total do Pagamento:",""
"⚠️ Payment total must equal refund amount","⚠️ O total do pagamento deve ser igual ao valor do reembolso",""
"Return Summary","Resumo da Devolução",""
"Items to Return:","Itens a Devolver:",""
"Refund Amount:","Valor do Reembolso:",""
"Enter reason for return (e.g., defective product, wrong item, customer request)...","Insira o motivo da devolução (ex: produto com defeito, item errado, solicitação do cliente)...",""
"{0} item(s) selected","{0} item(s) selecionado(s)",""
"Create Return","Criar Devolução",""
"OK","OK",""
"Invoice must be submitted to create a return","A fatura deve ser enviada para criar uma devolução",""
"Cannot create return against a return invoice","Não é possível criar devolução contra uma fatura de devolução",""
"All items from this invoice have already been returned","Todos os itens desta fatura já foram devolvidos",""
"Return against {0}","Devolução contra {0}",""
"Failed to create return invoice","Falha ao criar fatura de devolução",""
"Failed to load recent invoices","Falha ao carregar faturas recentes",""
"{0}: maximum {1}","{0}: máximo {1}",""
"Adjust return quantities before submitting.\n\n{0}","Ajuste as quantidades de devolução antes de enviar.\n\n{0}",""
"{0} Pending Invoice(s)","{0} Fatura(s) Pendente(s)",""
"These invoices will be submitted when you're back online","Estas faturas serão enviadas quando você voltar a ficar online",""
"Sync All","Sincronizar Tudo",""
"No pending offline invoices","Nenhuma fatura offline pendente",""
"Walk-in Customer","Cliente de Balcão",""
"{0} failed","{0} falhou",""
"Payments:","Pagamentos:",""
"Edit Invoice","Editar Fatura",""
"Are you sure you want to delete this offline invoice?","Tem certeza de que deseja excluir esta fatura offline?",""
"This action cannot be undone.","Esta ação não pode ser desfeita.",""
"Just now","Agora mesmo",""
"{0} minutes ago","Há {0} minutos",""
"{0} hours ago","Há {0} horas",""
"POS Settings","Configurações do PDV",""
"Save Changes","Salvar Alterações",""
"Loading settings...","Carregando configurações...",""
"Stock Management","Gestão de Estoque",""
"Configure warehouse and inventory settings","Configurar depósito e configurações de inventário",""
"Stock Controls","Controles de Estoque",""
"Warehouse Selection","Seleção de Depósito",""
"Loading warehouses...","Carregando depósitos...",""
"Active Warehouse","Depósito Ativo",""
"All stock operations will use this warehouse. Stock quantities will refresh after saving.","Todas as operações de estoque usarão este depósito. As quantidades de estoque serão atualizadas após salvar.",""
"Stock Validation Policy","Política de Validação de Estoque",""
"Allow Negative Stock","Permitir Estoque Negativo",""
"Enable selling items even when stock reaches zero or below. Integrates with ERPNext stock settings.","Habilita a venda de itens mesmo quando o estoque chega a zero ou abaixo. Integra-se com as configurações de estoque do ERPNext.",""
"Background Stock Sync","Sincronização de Estoque em Segundo Plano",""
"Enable Automatic Stock Sync","Habilitar Sincronização Automática de Estoque",""
"Periodically sync stock quantities from server in the background (runs in Web Worker)","Sincroniza periodicamente quantidades de estoque do servidor em segundo plano (executa em Web Worker)",""
"Sync Interval (seconds)","Intervalo de Sincronização (segundos)",""
"How often to check server for stock updates (minimum 10 seconds)","Com que frequência verificar o servidor para atualizações de estoque (mínimo 10 segundos)",""
"Warehouse not set","Depósito não definido",""
"Network Usage:","Uso da Rede:",""
"~15 KB per sync cycle","~15 KB por ciclo de sincronização",""
"~{0} MB per hour","~{0} MB por hora",""
"Sales Management","Gestão de Vendas",""
"Configure pricing, discounts, and sales operations","Configurar preços, descontos e operações de venda",""
"Sales Controls","Controles de Vendas",""
"Pricing & Discounts","Preços e Descontos",""
"Tax Inclusive","Imposto Incluso",""
"When enabled, displayed prices include tax. When disabled, tax is calculated separately. Changes apply immediately to your cart when you save.","Quando habilitado, os preços exibidos incluem imposto. Quando desabilitado, o imposto é calculado separadamente. As alterações se aplicam imediatamente ao seu carrinho ao salvar.",""
"Max Discount (%)","Desconto Máximo (%)",""
"Maximum discount per item","Desconto máximo por item",""
"Use Percentage Discount","Usar Desconto em Porcentagem",""
"Show discounts as percentages","Mostrar descontos como porcentagens",""
"Allow Additional Discount","Permitir Desconto Adicional",""
"Enable invoice-level discount","Habilitar desconto a nível de fatura",""
"Allow Item Discount","Permitir Desconto por Item",""
"Enable item-level discount in edit dialog","Habilitar desconto a nível de item no diálogo de edição",""
"Disable Rounded Total","Desabilitar Total Arredondado",""
"Show exact totals without rounding","Mostrar totais exatos sem arredondamento",""
"Sales Operations","Operações de Venda",""
"Allow Credit Sale","Permitir Venda a Crédito",""
"Enable sales on credit","Ativar Venda a Crédito",""
"Allow Return","Permitir Devolução de Compras",""
"Enable product returns","Ativar Devolução de Compras",""
"Allow Write Off Change","Permitir Baixa de Troco",""
"Write off small change amounts","Dar baixa em pequenos valores de troco",""
"Allow Partial Payment","Permitir Pagamento Parcial",""
"Enable partial payment for invoices","Habilitar pagamento parcial para faturas",""
"Print without confirmation","Imprimir sem confirmação",""
"No POS Profile Selected","Nenhum Perfil PDV Selecionado",""
"Please select a POS Profile to configure settings","Por favor, selecione um Perfil PDV para configurar as definições",""
"Failed to load settings","Falha ao carregar configurações",""
"POS Profile not found","Perfil PDV não encontrado",""
"Settings saved successfully","Configurações salvas com sucesso",""
"Settings saved, warehouse updated, and tax mode changed. Cart will be recalculated.","Configurações salvas, depósito atualizado e modo de imposto alterado. O carrinho será recalculado.",""
"Settings saved and warehouse updated. Reloading stock...","Configurações salvas e depósito atualizado. Recarregando estoque...",""
"Failed to save settings","Falha ao salvar configurações",""
"{0}s ago","Há {0}s",""
"{0}m ago","Há {0}m",""
"Sign in to POS Next","Acesse o POS Next",""
"Login Failed","Falha no Login",""
"Enter your username or email","Insira seu nome de usuário ou e-mail",""
"User ID / Email","ID de Usuário / E-mail",""
"Enter your password","Insira sua senha",""
"Hide password","Ocultar senha",""
"Show password","Mostrar senha",""
"Signing in...","Acessando...",""
"Clear all items","Limpar todos os itens",""
"View all available offers","Visualizar todas as ofertas disponíveis",""
"Apply coupon code","Aplicar código de cupom",""
"Create New Coupon","Criar Novo Cupom",""
"No coupons found","Nenhum cupom encontrado",""
"Gift","Presente",""
"Used: {0}/{1}","Usado: {0}/{1}",""
"Used: {0}","Usado: {0}",""
"Select a Coupon","Selecionar um Cupom",""
"Choose a coupon from the list to view and edit, or create a new one to get started","Escolha um cupom da lista para visualizar e editar, ou crie um novo para começar",""
"You don't have permission to create coupons","Você não tem permissão para criar cupons",""
"Coupon Details","Detalhes do Cupom",""
"Fill in the details to create a new coupon","Preencha os detalhes para criar um novo cupom",""
"View and update coupon information","Visualizar e atualizar informações do cupom",""
"Create","Criar",""
"Coupon Name","Nome do Cupom",""
"e.g., Summer Sale Coupon 2025","Ex: Cupom Venda de Verão 2025",""
"Coupon Type","Tipo de Cupom",""
"Promotional","Promocional",""
"Gift Card","Cartão-Presente",""
"Auto-generated if empty","Gerado automaticamente se vazio",""
"Generate","Gerar",""
"Customer ID or Name","ID ou Nome do Cliente",""
"Company","Empresa",""
"Discount Configuration","Configuração de Desconto",""
"Apply Discount On","Aplicar Desconto Em",""
"Net Total","Total Líquido",""
"e.g., 20","Ex: 20",""
"Amount in {0}","Valor em {0}",""
"Minimum Cart Amount","Valor Mínimo do Carrinho",""
"Optional minimum in {0}","Mínimo opcional em {0}",""
"Maximum Discount Amount","Valor Máximo de Desconto",""
"Optional cap in {0}","Limite opcional em {0}",""
"Current Discount:","Desconto Atual:",""
"{0}% off {1}","{0}% de desconto em {1}",""
"{0} off {1}","{0} de desconto em {1}",""
"(Min: {0})","(Mín: {0})",""
"(Max Discount: {0})","(Desconto Máx: {0})",""
"Validity & Usage","Validade e Uso",""
"Unlimited","Ilimitado",""
"Only One Use Per Customer","Apenas Um Uso Por Cliente",""
"Coupon Status & Info","Status e Informações do Cupom",""
"Current Status","Status Atual",""
"Created On","Criado Em",""
"Last Modified","Última Modificação",""
"Delete Coupon","Excluir Cupom",""
"-- No Campaign --","-- Nenhuma Campanha --",""
"Failed to load coupons","Falha ao carregar cupons",""
"Failed to load coupon details","Falha ao carregar detalhes do cupom",""
"Coupon created successfully","Cupom criado com sucesso",""
"Failed to create coupon","Falha ao criar cupom",""
"Coupon updated successfully","Cupom atualizado com sucesso",""
"Failed to update coupon","Falha ao atualizar cupom",""
"Coupon status updated successfully","Status do cupom atualizado com sucesso",""
"Failed to toggle coupon status","Falha ao alternar status do cupom",""
"Coupon deleted successfully","Cupom excluído com sucesso",""
"Failed to delete coupon","Falha ao excluir cupom",""
"Please enter a coupon name","Por favor, insira um nome para o cupom",""
"Please select a discount type","Por favor, selecione um tipo de desconto",""
"Please enter a valid discount percentage (1-100)","Por favor, insira uma porcentagem de desconto válida (1-100)",""
"Please enter a valid discount amount","Por favor, insira um valor de desconto válido",""
"Please select a customer for gift card","Por favor, selecione um cliente para o cartão-presente",""
"Cannot delete coupon as it has been used {0} times","Não é possível excluir o cupom, pois ele foi usado {0} vezes",""
"Add to Cart","Adicionar ao Carrinho",""
"Warehouse","Depósito",""
"Search products...","Buscar produtos...",""
"Item Code","Código do Item",""
"Brand","Marca",""
"Transaction","Transação",""
"e.g., Summer Sale 2025","Ex: Venda de Verão 2025",""
"Pricing Rules","Regras de Preço",""
"Promo Schemes","Esquemas Promocionais",""
"Return Reason","Motivo da Devolução",""
"Settings saved. Tax mode is now ""inclusive"". Cart will be recalculated.","Configurações salvas. O modo de imposto agora é ""incluso"". O carrinho será recalculado.",""
"Settings saved. Tax mode is now ""exclusive"". Cart will be recalculated.","Configurações salvas. O modo de imposto agora é ""exclusivo"". O carrinho será recalculado.",""
"This will clear all cached items, customers, and stock data. Invoices and drafts will be preserved.","Isso limpará todos os itens, clientes e dados de estoque em cache. Faturas e rascunhos serão preservados.",""
"Clear All Data","Limpar Todos os Dados",""
"Clearing...","Limpando...",""
"Confirm Clear Cache","Confirmar Limpeza de Cache",""
"Manage Invoices","Gerenciar Faturas",""
"Outstanding","Pendente",""
"No Outstanding","Sem Pendências",""
"Pay Outstanding","Pagar Pendente",""
"View Outstanding","Visualizar Pendências",""
"Search invoices...","Buscar faturas...",""
"Invoice Management","Gerenciamento de Faturas",""
"All Invoices","Todas as Faturas",""
"Draft","Rascunho",""
"Return","Devolução",""
"Load More","Carregar Mais",""
"No more invoices","Sem mais faturas",""
"Failed to load invoices","Falha ao carregar faturas",""
"Apply Filter","Aplicar Filtro",""
"Reset Filter","Redefinir Filtro",""
"Filter by Status","Filtrar por Status",""
"Filter by Date","Filtrar por Data",""
"Show All","Mostrar Tudo",""
"Shift Details","Detalhes do Turno",""
"Shift ID","ID do Turno",""
"Cashier","Caixa",""
"Current Time","Hora Atual",""
"Cash Sales","Vendas em Dinheiro",""
"Card Sales","Vendas em Cartão",""
"Other Sales","Outras Vendas",""
"Total Transactions","Total de Transações",""
"Average Transaction","Transação Média",""
"Shift Summary","Resumo do Turno",""
"View Full Report","Visualizar Relatório Completo",""
"Print Report","Imprimir Relatório",""
"Export Data","Exportar Dados",""
"Quick Actions","Ações Rápidas",""
"New Sale","Nova Venda",""
"Returns","Devoluções",""
"Recent Activity","Atividade Recente",""
"No recent activity","Nenhuma atividade recente",""
"Show All Activity","Mostrar Toda Atividade",""
"Keyboard Shortcuts","Atalhos de Teclado",""
"Press F1 for help","Pressione F1 para ajuda",""
"Press Enter to search","Pressione Enter para buscar",""
"Press Esc to close","Pressione Esc para fechar",""
"Scanning...","Escaneando...",""
"Scan Complete","Escaneamento Concluído",""
"Scan Failed","Falha no Escaneamento",""
"Invalid Barcode","Código de Barras Inválido",""
"Item Scanned","Item Escaneado",""
"Multiple Results","Múltiplos Resultados",""
"Select Item","Selecionar Item",""
"Enter Quantity","Inserir Quantidade",""
"Set Price","Definir Preço",""
"Custom Price","Preço Personalizado",""
"Original Price","Preço Original",""
"New Price","Novo Preço",""
"Price Changed","Preço Alterado",""
"Discount Applied","Desconto Aplicado",""
"Offer Applied","Oferta Aplicada",""
"Coupon Applied","Cupom Aplicado",""
"Free Items Added","Itens Grátis Adicionados",""
"Bundle Items","Itens do Pacote",""
"View Bundle","Visualizar Pacote",""
"Expand Bundle","Expandir Pacote",""
"Collapse Bundle","Recolher Pacote",""
"Stock Warning","Aviso de Estoque",""
"Low Stock Warning","Aviso de Baixo Estoque",""
"Only {0} left in stock","Apenas {0} restantes em estoque",""
"Continue Anyway","Continuar Mesmo Assim",""
"Check Other Warehouses","Verificar Outros Depósitos",""
"Transfer Stock","Transferir Estoque",""
"Reserve Stock","Reservar Estoque",""
"Stock Reserved","Estoque Reservado",""
"Reservation Expired","Reserva Expirada",""
"Extend Reservation","Estender Reserva",""
"Release Reservation","Liberar Reserva",""
"Customer Account","Conta do Cliente",""
"Credit Limit","Limite de Crédito",""
"Available Credit","Crédito Disponível",""
"Credit Used","Crédito Utilizado",""
"Credit Exceeded","Crédito Excedido",""
"Requires Approval","Requer Aprovação",""
"Request Approval","Solicitar Aprovação",""
"Approval Pending","Aprovação Pendente",""
"Approved","Aprovado",""
"Rejected","Rejeitado",""
"Loyalty Points","Pontos de Fidelidade",""
"Points Balance","Saldo de Pontos",""
"Redeem Points","Resgatar Pontos",""
"Points to Redeem","Pontos para Resgate",""
"Points Value","Valor dos Pontos",""
"Points Earned","Pontos Ganhos",""
"Points Redeemed","Pontos Resgatados",""
"Split Payment","Pagamento Dividido",""
"Add Split","Adicionar Divisão",""
"Remove Split","Remover Divisão",""
"Split Amount","Valor da Divisão",""
"Remaining to Pay","Restante a Pagar",""
"Payment Complete","Pagamento Concluído",""
"Print Options","Opções de Impressão",""
"Print Preview","Visualização de Impressão",""
"Printer Settings","Configurações da Impressora",""
"Select Printer","Selecionar Impressora",""
"Default Printer","Impressora Padrão",""
"Paper Size","Tamanho do Papel",""
"Print Copies","Cópias de Impressão",""
"Include Logo","Incluir Logotipo",""
"Include QR Code","Incluir Código QR",""
"Include Barcode","Incluir Código de Barras",""
"Compact Mode","Modo Compacto",""
"Full Mode","Modo Completo",""
"Email Receipt","Enviar Comprovante por E-mail",""
"SMS Receipt","Enviar Comprovante por SMS",""
"WhatsApp Receipt","Enviar Comprovante por WhatsApp",""
"Receipt Sent","Comprovante Enviado",""
"Failed to Send","Falha ao Enviar",""
"Retry","Tentar Novamente",""
"Skip","Pular",""
"Done","Concluído",""
"Finish","Finalizar",""
"Complete Sale","Concluir Venda",""
"New Transaction","Nova Transação",""
"Continue Shopping","Continuar Comprando",""
"Start New Sale","Iniciar Nova Venda",""
"View Receipt","Visualizar Comprovante",""
"Download Receipt","Baixar Comprovante",""
"Share Receipt","Compartilhar Comprovante",""
"Copy Link","Copiar Link",""
"Link Copied","Link Copiado",""
"Invoice loaded to cart for editing","Fatura carregada no carrinho para edição",""
"Campaign","Campanha",""
"Referral Code","Código de Referência",""
"Times Used","Vezes Usado",""
"Maximum Use","Uso Máximo",""
"Are you sure you want to delete <strong>""{0}""<strong>?","Tem certeza que quer deletar <strong>""{0}""<strong>?",""
"Return Reason <span class=""text-gray-400"">(optional)</span>","Motivo da Devolução <span class=""text-gray-400"">(optional)</span>",""
"Return Reason &lt;span class=&quot;text-gray-400&quot;&gt;(optional)&lt;/span&gt;","Motivo da Devolução &lt;span class=&quot;text-gray-400&quot;&gt;(optional)&lt;/span&gt;",""
"<strong>Note:<strong> When enabled, the system will allow sales even when stock quantity is zero or negative. This is useful for handling stock sync delays or backorders. All transactions are tracked in the stock ledger.",,""
"<strong>Status:<strong> Running","<strong>Status:<strong> Em Execução",
"<strong>Status:<strong> Stopped","<strong>Status:<strong> Parado",""
"<strong>Items Tracked:<strong> {0}","<strong>Itens Rastre.:<strong> {0}",""
"<strong>Warehouse:<strong> {0}","<strong>Depósito:<strong> {0}",""
"<strong>Last Sync:<strong> {0}","<strong>Última Sinc.:<strong> {0}",""
"<strong>Last Sync:<strong> Never","<strong>Última Sinc.:<strong> Nunca",""
"Cart subtotal BEFORE tax - used for discount calculations","Subtotal do carrinho ANTES do imposto - usado para cálculos de desconto",""
"Draft invoice deleted","Fatura rascunho excluída",""
"Failed to delete draft invoice","Falha ao excluir fatura rascunho",""
"Search sales person...","Buscar vendedor...",""
"Item Group","Grupo de Itens",""
"Mobile","Celular",""
"Clear Cache?","Limpar Cache?",""
"Clearing Cache...","Limpando Cache...",""
"Please wait while we clear your cached data","Por favor, aguarde enquanto limpamos seus dados em cache",""
"<strong>Company:<strong>","<strong>Empresa:<strong>",""
"<strong>Opened:</strong> {0}","<strong>Aberto:</strong> {0}",""
"<strong>Opened:<strong>","<strong>Aberto:<strong>",""
"<strong>POS Profile:</strong> {0}","<strong>Perfil PDV:</strong> {0}",""
"<strong>POS Profile:<strong> {0}","<strong>Perfil PDV:<strong> {0}",""
"(FREE)","(GRÁTIS)",""
"Are you sure you want to sign out of POS Next?","Tem certeza de que deseja sair do POS Next?",""
"At least {0} items required","Pelo menos {0} itens necessários",""
"Create new customer: {0}","Criar novo cliente: {0}",""
"Creating return for invoice {0}","Criando devolução para a fatura {0}",""
"Enter actual amount for {0}","Insira o valor real para {0}",""
"Exception: {0}","Exceção: {0}",""
"Expected: <span class=""font-medium"">{0}</span>","Esperado: <span class=""font-medium"">{0}</span>",""
"From {0}","De {0}",""
"Invoice - {0}","Fatura - {0}",""
"Invoice ID: {0}","ID da Fatura: {0}",""
"Invoice {0} created and sent to printer","Fatura {0} criada e enviada para a impressora",""
"Invoice {0} created but print failed","Fatura {0} criada, mas a impressão falhou",""
"Invoice {0} created successfully","Fatura {0} criada com sucesso",""
"Invoice {0} created successfully!","Fatura {0} criada com sucesso!",""
"Item: {0}","Item: {0}",""
"Maximum cart value exceeded ({0})","Valor máximo do carrinho excedido ({0})",""
"Maximum {0} items allowed for this offer","Máximo de {0} itens permitido para esta oferta",""
"Message: {0}","Mensagem: {0}",""
"Minimum cart value of {0} required","Valor mínimo do carrinho de {0} necessário",""
"No pending invoices to sync","Nenhuma fatura pendente para sincronizar",""
"Opening Balance (Optional)","Saldo de Abertura (Opcional)",""
"Over {0}","Sobra de {0}",""
"POS Profile: {0}","Perfil PDV: {0}",""
"Promotion saved successfully","Promoção salva com sucesso",""
"Remove all {0} items from cart?","Remover todos os {0} itens do carrinho?",""
"Return invoice {0} created successfully","Fatura de devolução {0} criada com sucesso",""
"Search by email: {0}","Buscar por e-mail: {0}",""
"Search by phone: {0}","Buscar por telefone: {0}",""
"Shift Open","Turno Aberto",""
"Short {0}","Falta de {0}",""
"Sign in","Entrar",""
"Sign out","Sair",""
"Signing out...","Saindo...",""
"Status: {0}","Status: {0}",""
"Switched to {0}. Stock quantities refreshed.","Mudado para {0}. Quantidades de estoque atualizadas.",""
"Technical: {0}","Técnico: {0}",""
"Timestamp: {0}","Data e Hora: {0}",""
"Title: {0}","Título: {0}",""
"Total: {0}","Total: {0}",""
"Type: {0}","Tipo: {0}",""
"Unit changed to {0}","Unidade alterada para {0}",""
"Until {0}","Até {0}",""
"User: {0}","Usuário: {0}",""
"View cart with {0} items","Visualizar carrinho com {0} itens",""
"Warehouse updated but failed to reload stock. Please refresh manually.","Depósito atualizado, mas falha ao recarregar estoque. Por favor, atualize manualmente.",""
"Welcome to POS Next!","Bem-vindo(a) ao POS Next!",""
"You have an open shift. Would you like to resume it or close it and open a new one?","Você tem um turno aberto. Gostaria de retomá-lo ou fechá-lo e abrir um novo?",""
"Your cart doesn't meet the requirements for this offer.","Seu carrinho não atende aos requisitos desta oferta.",""
"{0} ({1}) added to cart","{0} ({1}) adicionado(s) ao carrinho",""
"{0} added to cart","{0} adicionado(s) ao carrinho",""
"{0} applied successfully","{0} aplicado com sucesso",""
"{0} created and selected","{0} criado e selecionado",""
"{0} invoice(s) failed to sync","{0} fatura(s) falhou(ram) ao sincronizar",""
"{0} invoice(s) synced successfully","{0} fatura(s) sincronizada(s) com sucesso",""
"{0} invoices","{0} faturas",""
"{0} selected","{0} selecionado(s)",""
"{0} settings applied immediately","Configurações de {0} aplicadas imediatamente",""
"{0} transactions • {1}","{0} transações • {1}",""
"{0} updated successfully","{0} atualizado com sucesso",""
"{0}h {1}m","{0}h {1}m",""
"{0}m","{0}m",""
"✓ Connection successful: {0}","✓ Conexão bem-sucedida: {0}",""
"✗ Connection failed: {0}","✗ Conexão falhou: {0}",""
"Manage all your invoices in one place","Gerencie todas as suas faturas em um só lugar",""
"All ({0})","Todos ({0})",""
"Promotions","Promoções",""
"Search serial numbers...","Buscar números de série...",""
"Loading serial numbers...","Carregando números de série...",""
"No serial numbers available","Nenhum número de série disponível",""
"No serial numbers match your search","Nenhum número de série corresponde à sua busca",""
"Serial Numbers","Números de Série",""
"Cannot remove last serial","Não é possível remover o último serial",""
"Remove serial","Remover serial",""
"Serial No:","N° de Série:",""
"Click to edit serials","Clique para editar seriais",""
"Edit serials","Editar seriais",""
"serials","seriais",""
"Stock Lookup","Consulta de Estoque",""
"Search for item availability across all warehouses","Buscar disponibilidade de item em todos os depósitos",""
"Search for items across warehouses","Buscar itens em todos os depósitos",""
"Type to search items...","Digite para buscar itens...",""
"Search by item name, code, or scan barcode","Buscar por nome, código do item ou escanear código de barras",""
"No items found for ""{0}""","Nenhum item encontrado para ""{0}""",""
"Try a different search term","Tente um termo de busca diferente",""
"Search Again","Buscar Novamente",""
"Search for an item","Buscar por um item",""
"Start typing to see suggestions","Comece a digitar para ver sugestões",""
"Navigate","Navegar",""
"Enter","Enter",""
"Esc","Esc",""
"Total Available","Total Disponível",""
"in 1 warehouse","em 1 depósito",""
"in {0} warehouses","em {0} depósitos",""
"{0} reserved","{0} reservado(s)",""
"Actual Stock","Estoque Atual",""
"This item is out of stock in all warehouses","Este item está esgotado em todos os depósitos",""
"Failed to load warehouse availability","Falha ao carregar disponibilidade do depósito",""
"Close dialog","Fechar diálogo",""
"Clear search","Limpar busca",""
"Click to view availability in other warehouses","Clique para visualizar disponibilidade em outros depósitos",""
"Credit Sale Return","Devolução de Venda a Crédito",""
"This invoice was paid on account (credit sale). The return will reverse the accounts receivable balance. No cash refund will be processed.","Esta fatura foi paga a crédito (venda a prazo). A devolução reverterá o saldo de contas a receber. Nenhum reembolso em dinheiro será processado.",""
"Customer Credit:","Crédito do Cliente:",""
"This return was against a Pay on Account invoice. The accounts receivable balance has been reversed. No cash refund was processed.","Esta devolução foi contra uma fatura Paga a Prazo. O saldo de contas a receber foi revertido. Nenhum reembolso em dinheiro foi processado.",""
"Pay on Account","Pagar na Conta (a Prazo)",""
"This invoice was sold on credit. The customer owes the full amount.","Esta fatura foi vendida a crédito. O cliente deve o valor total.",""
"Partially Paid Invoice","Fatura Parcialmente Paga",""
"This invoice was partially paid. The refund will be split proportionally.","Esta fatura foi paga parcialmente. O reembolso será dividido proporcionalmente.",""
"Cash Refund:","Reembolso em Dinheiro:",""
"Credit Adjustment:","Ajuste de Crédito:",""
"Refundable Amount:","Valor a Ser Reembolsado:",""
"⚠️ Payment total must equal refundable amount","⚠️ O total do pagamento deve ser igual ao valor a ser reembolsado",""
"Return Value:","Valor de Devolução:",""
"Select Item Variant","Selecionar Variante do Item",""
"Select Unit of Measure","Selecionar Unidade de Medida",""
"Choose a variant of this item:","Escolha uma variante deste item:",""
"Select the unit of measure for this item:","Selecione a unidade de medida para este item:",""
"Loading options...","Carregando opções...",""
"Stock: {0}","Estoque: {0}",""
"This combination is not available","Esta combinação não está disponível",""
"Unit of Measure","Unidade de Medida",""
"No Variants Available","Nenhuma Variante Disponível",""
"No Options Available","Nenhuma Opção Disponível",""
"This item template <strong>{0}<strong> has no variants created yet.","Este modelo de item <strong>{0}<strong> ainda não tem variantes criadas.",""
"No additional units of measurement configured for this item.","Nenhuma unidade de medida adicional configurada para este item.",""
"To create variants:","Para criar variantes:",""
"1. Go to <strong>Item Master<strong> → <strong>{0}<strong>","1. Vá para <strong>Cadastro de Itens<strong> → <strong>{0}<strong>",""
"2. Click <strong>""Make Variants""<strong> button","2. Clique no botão <strong>""Criar Variantes""<strong>",""
"3. Select attribute combinations","3. Selecione as combinações de atributos",""
"4. Click <strong>""Create""<strong>","4. Clique em <strong>""Criar""<strong>",""
"per {0}","por {0}",""
"Stock unit","Unidade de estoque",""
"1 {0} = {1} {2}","1 {0} = {1} {2}",""
"Requested quantity ({0}) exceeds available stock ({1})","Quantidade solicitada ({0}) excede o estoque disponível ({1})",""
"Offers are applied automatically when your cart meets the requirements","As ofertas são aplicadas automaticamente quando seu carrinho atende aos requisitos",""
"Applied","Aplicado",""
"APPLIED","APLICADO",""
"Waiting for requirements","Aguardando requisitos",""
"Offer applied: {0}","Oferta aplicada: {0}",""
"Offer removed: {0}. Cart no longer meets requirements.","Oferta removida: {0}. O carrinho não atende mais aos requisitos.",""
"PRICING RULE","REGRA DE PREÇO",""
"PROMO SCHEME","ESQUEMA PROMOCIONAL",""
"Applying...","Aplicando...",""
"Recent & Frequent","Recentes e Frequentes",""
"Frequent Customers","Clientes Frequentes",""
"Gross Sales","Vendas Brutas",""
"Net Sales","Vendas Líquidas",""
"Returns","Devoluções",""
"After returns","Após devoluções",""
"Net tax","Imposto líquido",""
"Net Total:","Total Líquido:",""
"{0} returns","{0} devoluções",""
"Type","Tipo",""
"Search items by name or code...","Pesquisar itens por nome ou código...",""
"{0} {1} {2}h {3}m","{0} {1} {2}h {3}m",""
"Day","Dia",""
"Days","Dias",""
"1 item","1 item",""
"Add another...","Adicionar outro...",""
"Add to Customer Credit Balance","Adicionar ao Saldo de Crédito do Cliente",""
"Added to Customer Credit","Adicionado ao Crédito do Cliente",""
"All draft invoices deleted","Todos os rascunhos de faturas excluídos",""
"All sales persons selected","Todos os vendedores selecionados",""
"Amount to Credit:","Valor a Creditar:",""
"Amount:","Valor:",""
"At least {0} eligible items required","Mínimo de {0} itens elegíveis necessários",""
"Barcode scanning works for cached items","Leitura de código de barras funciona para itens em cache",""
"Cannot add more non-cash payments. Use cash for overpayment.","Não é possível adicionar mais pagamentos não monetários. Use dinheiro para pagamento excedente.",""
"Cannot clear cache while offline","Não é possível limpar o cache enquanto offline",""
"Cannot process return for this invoice","Não é possível processar devolução para esta fatura",""
"Cart does not contain items from eligible brands","O carrinho não contém itens de marcas elegíveis",""
"Cart is empty","Carrinho vazio",""
"Cash Refund","Reembolso em Dinheiro",""
"Change Due","Troco",""
"Change sales person","Alterar vendedor",""
"Clear All Drafts?","Limpar Todos os Rascunhos?",""
"Clear all cached data","Limpar todos os dados em cache",""
"Clear all payments","Limpar todos os pagamentos",""
"Complete Sales Order","Concluir Pedido de Venda",""
"Connect to the internet to load invoices","Conecte-se à internet para carregar faturas",""
"Credit Balance","Saldo de Crédito",""
"Custom","Personalizado",""
"Customer {0} updated successfully","Cliente {0} atualizado com sucesso",""
"Days Since Purchase","Dias Desde a Compra",""
"Delete Draft?","Excluir Rascunho?",""
"Delete Offline Invoice","Excluir Fatura Offline",""
"Delivery Date","Data de Entrega",""
"Disable","Desativar",""
"Discount Percentage (%)","Percentual de Desconto (%)",""
"Draft deleted successfully","Rascunho excluído com sucesso",""
"Edit Customer","Editar Cliente",""
"Edit customer details","Editar detalhes do cliente",""
"Enable selling items even when stock reaches zero or below. Integrates with Back Office stock settings.","Permitir venda de itens mesmo quando o estoque chega a zero ou abaixo. Integra com as configurações de estoque do Back Office.",""
"Exact amount only","Somente valor exato",""
"Failed to check invoice","Falha ao verificar fatura",""
"Failed to clear drafts","Falha ao limpar rascunhos",""
"Failed to delete draft","Falha ao excluir rascunho",""
"Failed to load draft invoices","Falha ao carregar rascunhos de faturas",""
"Failed to load variants","Falha ao carregar variantes",""
"Failed to print draft","Falha ao imprimir rascunho",""
"Failed to update customer","Falha ao atualizar cliente",""
"Failed to update item.","Falha ao atualizar item.",""
"Fully Paid","Totalmente Pago",""
"Hello","Olá",""
"Hello {0}","Olá {0}",""
"Info","Info",""
"Instead of cash refund, add the return amount to customer credit balance for future purchases.","Em vez de reembolso em dinheiro, adicione o valor da devolução ao saldo de crédito do cliente para compras futuras.",""
"Invoice Date","Data da Fatura",""
"Invoice Summary","Resumo da Fatura",""
"Invoice fully paid. No additional payment needed.","Fatura totalmente paga. Nenhum pagamento adicional necessário.",""
"Invoice not found","Fatura não encontrada",""
"Loading stock information...","Carregando informações de estoque...",""
"Loading variants...","Carregando variantes...",""
"Loading {0}...","Carregando {0}...",""
"Locked","Bloqueado",""
"Looking for invoice in database","Procurando fatura no banco de dados",""
"Max","Máx",""
"Maximum {0} eligible items allowed for this offer","Máximo de {0} itens elegíveis permitidos para esta oferta",""
"Merged into {0} (Total: {1})","Mesclado em {0} (Total: {1})",""
"Mixed payment cannot exceed invoice total. Limit: {0}","Pagamento misto não pode exceder o total da fatura. Limite: {0}",""
"No connection","Sem conexão",""
"No items","Sem itens",""
"No payment methods available","Nenhum método de pagamento disponível",""
"No redeemable points available","Nenhum ponto resgatável disponível",""
"No sales persons available","Nenhum vendedor disponível",""
"No variants found","Nenhuma variante encontrada",""
"Non-cash payment must equal {0} exactly","Pagamento não monetário deve ser exatamente {0}",""
"Offers applied: {0}","Ofertas aplicadas: {0}",""
"Offline Mode","Modo Offline",""
"Offline: {0} applied","Offline: {0} aplicado",""
"On Account","A Prazo",""
"Open a shift before creating a return invoice.","Abra um turno antes de criar uma fatura de devolução.",""
"Outstanding Balance","Saldo Pendente",""
"Overpayment","Pagamento Excedente",""
"Pay","Pagar",""
"Payment amount is correct","Valor do pagamento está correto",""
"Payments cannot be added while offline","Pagamentos não podem ser adicionados enquanto offline",""
"Payments cannot be added while offline. Connect to the internet to add payments.","Pagamentos não podem ser adicionados enquanto offline. Conecte-se à internet para adicionar pagamentos.",""
"Permanently delete all {0} draft invoices?","Excluir permanentemente todos os {0} rascunhos de faturas?",""
"Permanently delete this draft invoice?","Excluir permanentemente este rascunho de fatura?",""
"Please contact your manager if you need to process this return.","Entre em contato com seu gerente se precisar processar esta devolução.",""
"Please select at least one variant","Selecione pelo menos uma variante",""
"Points applied: {0}. Please pay remaining {1} with {2}","Pontos aplicados: {0}. Pague o restante {1} com {2}",""
"Print draft","Imprimir rascunho",""
"Quantity locked (barcode item)","Quantidade bloqueada (item de código de barras)",""
"Read-only: Edit in Back Office","Somente leitura: Edite no Back Office",""
"Refresh unavailable offline","Atualização indisponível offline",""
"Return Allowed Within","Devolução Permitida Dentro de",""
"Return Period Expired","Período de Devolução Expirado",""
"Return invoices cannot be processed while offline. Please connect to the internet to search for invoices and create returns.","Faturas de devolução não podem ser processadas offline. Conecte-se à internet para pesquisar faturas e criar devoluções.",""
"Sales Invoice","Fatura de Venda",""
"Sales Order","Pedido de Venda",""
"Sales person is required","Vendedor é obrigatório",""
"Search by invoice, customer, or mobile...","Pesquisar por fatura, cliente ou celular...",""
"Search customer by name or mobile...","Pesquisar cliente por nome ou celular...",""
"Search customers...","Pesquisar clientes...",""
"Search unavailable offline","Pesquisa indisponível offline",""
"Searching database...","Pesquisando banco de dados...",""
"Select","Selecionar",""
"Select Variants","Selecionar Variantes",""
"Select a payment method","Selecione um método de pagamento",""
"Select a payment method to start","Selecione um método de pagamento para iniciar",""
"Select sales person...","Selecionar vendedor...",""
"Summary","Resumo",""
"Syncing for offline...","Sincronizando para uso offline...",""
"Syncing: {0} items","Sincronizando: {0} itens",""
"Tabs","Abas",""
"The customer received a cash refund for this return.","O cliente recebeu um reembolso em dinheiro por esta devolução.",""
"The return amount was added to the customer credit balance. No cash refund was given.","O valor da devolução foi adicionado ao saldo de crédito do cliente. Nenhum reembolso em dinheiro foi concedido.",""
"The return amount will be added to the customer credit balance. No cash refund will be given.","O valor da devolução será adicionado ao saldo de crédito do cliente. Nenhum reembolso em dinheiro será concedido.",""
"This invoice cannot be returned because the return period has expired.","Esta fatura não pode ser devolvida porque o período de devolução expirou.",""
"Total must equal invoice amount","O total deve ser igual ao valor da fatura",""
"Total: {0}%","Total: {0}%",""
"Try a different search term or check the invoice number","Tente um termo de pesquisa diferente ou verifique o número da fatura",""
"UOM locked (barcode item)","UOM bloqueado (item de código de barras)",""
"Will apply when eligible","Será aplicado quando elegível",""
"Write Off","Baixa",""
"You are offline","Você está offline",""
"comm.","com.",""
"days","dias",""
"items cached","itens em cache",""
"variant","variante",""
"variants","variantes",""
"{0} updated","{0} atualizado",""
"{0}%","{0}%",""
